ASSOC PROF-AY,1200,1,10,PROFESSORIAL-TENURE,Associate Professor
ASSOC PROF-AY-1/9,1203,1,10,PROFESSORIAL-TENURE,Associate Professor
ASSOC PROF-AY-1/9-B/E/E,1245,3,10,PROFESSORIAL-TENURE,Associate Professor
ASSOC PROF-AY-B/E/E,1243,3,10,PROFESSORIAL-TENURE,Associate Professor
ASSOC PROF-FY,1210,2,10,PROFESSORIAL-TENURE,Associate Professor
ASSOC PROF-FY-B/E/E,1244,4,10,PROFESSORIAL-TENURE,Associate Professor
ASSOC PROF-HCOMP,1719,5,10,PROFESSORIAL-TENURE,Associate Professor
ASSOC PROF-SFT-VM,1899,7,10,PROFESSORIAL-TENURE,Associate Professor
PROF-AY,1100,1,10,PROFESSORIAL-TENURE,Professor
PROF-AY-1/9,1103,1,10,PROFESSORIAL-TENURE,Professor
PROF-AY-1/9-B/E/E,1145,3,10,PROFESSORIAL-TENURE,Professor
PROF-AY-1/9-LAW,1181,8,10,PROFESSORIAL-TENURE,Professor
PROF-AY-B/E/E,1143,3,10,PROFESSORIAL-TENURE,Professor
PROF-AY-LAW,1180,8,10,PROFESSORIAL-TENURE,Professor
PROF-FY,1110,2,10,PROFESSORIAL-TENURE,Professor
PROF-FY-B/E/E,1144,4,10,PROFESSORIAL-TENURE,Professor
PROF-HCOMP,1721,5,10,PROFESSORIAL-TENURE,Professor
PROF-SFT-VM,1901,7,10,PROFESSORIAL-TENURE,Professor
UNIV PROF,1104,,10,PROFESSORIAL-TENURE,University Professor
ASST PROF-AY,1300,1,11,PROFESSORIAL-NON-TENURE,Assistant Professor
ASST PROF-AY-1/9,1303,1,11,PROFESSORIAL-NON-TENURE,Assistant Professor
ASST PROF-AY-1/9-B/E/E,1345,3,11,PROFESSORIAL-NON-TENURE,Assistant Professor
ASST PROF-AY-B/E/E,1343,3,11,PROFESSORIAL-NON-TENURE,Assistant Professor
ASST PROF-FY,1310,2,11,PROFESSORIAL-NON-TENURE,Assistant Professor
ASST PROF-FY-B/E/E,1344,4,11,PROFESSORIAL-NON-TENURE,Assistant Professor
ASST PROF-HCOMP,1717,5,11,PROFESSORIAL-NON-TENURE,Assistant Professor
ASST PROF-SFT-VM,1897,7,11,PROFESSORIAL-NON-TENURE,Assistant Professor
INSTR-AY-1/9,1403,1,11,PROFESSORIAL-NON-TENURE,Instructor
INSTR-HCOMP,1715,5,11,PROFESSORIAL-NON-TENURE,Instructor
INSTR-SFT-VM,1895,7,11,PROFESSORIAL-NON-TENURE,Instructor
RECALL FACULTY,1702,1*,12,PROFESSORIAL-RECALL,Professor
RECALL HCOMP,1701,5*,12,PROFESSORIAL-RECALL,Professor
RECALL TEACHING,1700,1*,12,PROFESSORIAL-RECALL,Professor
RECALL TEACHING NON-SENATE,1699,1*,12,PROFESSORIAL-RECALL,Professor
PROF EMERITUS(WOS),1132,,16,PROFESSORIAL-EMERITUS,Professor-Emeritus
ACT ASSOC PROF-AY,1207,1,114,ACTING PROFESSOR-SENATE,Acting Associate Professor
ACT ASSOC PROF-AY-1/9,1201,1,114,ACTING PROFESSOR-SENATE,Acting Associate Professor
ACT ASSOC PROF-AY-1/9-B/E/E,1976,3,114,ACTING PROFESSOR-SENATE,Acting Associate Professor
ACT ASSOC PROF-AY-B/E/E,1974,3,114,ACTING PROFESSOR-SENATE,Acting Associate Professor
ACT ASSOC PROF-FY,1217,2,114,ACTING PROFESSOR-SENATE,Acting Associate Professor
ACT ASSOC PROF-FY-B/E/E,1975,4,114,ACTING PROFESSOR-SENATE,Acting Associate Professor
ACT ASSOC PROF-HCOMP,1540,5,114,ACTING PROFESSOR-SENATE,Acting Associate Professor
ACT ASSOC PROF-SFT-VM,1900,7,114,ACTING PROFESSOR-SENATE,Acting Associate Professor
ACT PROF-AY,1107,1,114,ACTING PROFESSOR-SENATE,Acting Professor
ACT PROF-AY-1/9,1101,1,114,ACTING PROFESSOR-SENATE,Acting Professor
ACT PROF-AY-1/9-B/E/E,1973,3,114,ACTING PROFESSOR-SENATE,Acting Professor
ACT PROF-AY-1/9-LAW,1183,8,114,ACTING PROFESSOR-SENATE,Acting Professor
ACT PROF-AY-B/E/E,1971,3,114,ACTING PROFESSOR-SENATE,Acting Professor
ACT PROF-AY-LAW,1182,8,114,ACTING PROFESSOR-SENATE,Acting Professor
ACT PROF-FY,1117,2,114,ACTING PROFESSOR-SENATE,Acting Professor
ACT PROF-FY-B/E/E,1972,4,114,ACTING PROFESSOR-SENATE,Acting Professor
ACT PROF-HCOMP,1542,5,114,ACTING PROFESSOR-SENATE,Acting Professor
ACT PROF-SFT-VM,1902,7,114,ACTING PROFESSOR-SENATE,Acting Professor
ACT ASST PROF-AY,1307,1,124,ACTING PROFESSOR-NON-SENATE,Acting Professor
ACT ASST PROF-AY-1/9,1301,1,124,ACTING PROFESSOR-NON-SENATE,Acting Professor
ACT ASST PROF-AY-1/9-B/E/E,1979,3,124,ACTING PROFESSOR-NON-SENATE,Acting Professor
ACT ASST PROF-AY-B/E/E,1977,3,124,ACTING PROFESSOR-NON-SENATE,Acting Professor
ACT ASST PROF-FY,1317,2,124,ACTING PROFESSOR-NON-SENATE,Acting Professor
ACT ASST PROF-FY-B/E/E,1978,4,124,ACTING PROFESSOR-NON-SENATE,Acting Professor
ACT ASST PROF-HCOMP,1564,5,124,ACTING PROFESSOR-NON-SENATE,Acting Professor
ACT ASST PROF-SFT-VM,1898,7,124,ACTING PROFESSOR-NON-SENATE,Acting Professor
ASSOC PROF OF TEACH-AY,1607,1,210,PROFESSOR OF TEACHING - SOE,Associate Professor of Teaching
ASSOC PROF OF TEACH-AY-1/10,1614,1,210,PROFESSOR OF TEACHING - SOE,Associate Professor of Teaching
ASSOC PROF OF TEACH-AY-1/9,1608,1,210,PROFESSOR OF TEACHING - SOE,Associate Professor of Teaching
ASSOC PROF OF TEACH-AY-B/E/E,1687,3,210,PROFESSOR OF TEACHING - SOE,Associate Professor of Teaching
ASSOC PROF OF TEACH-FY,1617,2,210,PROFESSOR OF TEACHING - SOE,Associate Professor of Teaching
ASSOC PROF OF TEACH-FY-B/E/E,1690,4,210,PROFESSOR OF TEACHING - SOE,Associate Professor of Teaching
ASSOC PROF OF TEACH-HCOMP,1618,5,210,PROFESSOR OF TEACHING - SOE,Associate Professor of Teaching
ASSOC PROF OF TEACH-SFT-VM,1669,7,210,PROFESSOR OF TEACHING - SOE,Associate Professor of Teaching
ASSOC PROF TEACH-AY-1/10-B/E/E,1673,3,210,PROFESSOR OF TEACHING - SOE,Associate Professor of Teaching
ASSOC PROF TEACH-AY-1/9-B/E/E,1695,3,210,PROFESSOR OF TEACHING - SOE,Associate Professor of Teaching
PROF OF TEACH-AY,1603,1,210,PROFESSOR OF TEACHING - SOE,Professor of Teaching
PROF OF TEACH-AY-1/10,1612,1,210,PROFESSOR OF TEACHING - SOE,Professor of Teaching
PROF OF TEACH-AY-1/10-B/E/E,1672,3,210,PROFESSOR OF TEACHING - SOE,Professor of Teaching
PROF OF TEACH-AY-1/10-LAW,1658,8,210,PROFESSOR OF TEACHING - SOE,Professor of Teaching
PROF OF TEACH-AY-1/9,1604,1,210,PROFESSOR OF TEACHING - SOE,Professor of Teaching
PROF OF TEACH-AY-1/9-B/E/E,1692,3,210,PROFESSOR OF TEACHING - SOE,Professor of Teaching
PROF OF TEACH-AY-1/9-LAW,1656,8,210,PROFESSOR OF TEACHING - SOE,Professor of Teaching
PROF OF TEACH-AY-B/E/E,1686,3,210,PROFESSOR OF TEACHING - SOE,Professor of Teaching
PROF OF TEACH-AY-LAW,1693,8,210,PROFESSOR OF TEACHING - SOE,Professor of Teaching
PROF OF TEACH-FY,1613,2,210,PROFESSOR OF TEACHING - SOE,Professor of Teaching
PROF OF TEACH-FY-B/E/E,1689,4,210,PROFESSOR OF TEACHING - SOE,Professor of Teaching
PROF OF TEACH-HCOMP,1619,5,210,PROFESSOR OF TEACHING - SOE,Professor of Teaching
PROF OF TEACH-SFT-VM,1668,7,210,PROFESSOR OF TEACHING - SOE,Professor of Teaching
ASST PROF OF TEACH-AY,1680,1,211,PROFESSOR OF TEACHING - PSOE,Assistant Professor of Teaching
ASST PROF OF TEACH-AY-1/10,1678,1,211,PROFESSOR OF TEACHING - PSOE,Assistant Professor of Teaching
ASST PROF OF TEACH-AY-1/10-LAW,1659,8,211,PROFESSOR OF TEACHING - PSOE,Assistant Professor of Teaching
ASST PROF OF TEACH-AY-1/9,1681,1,211,PROFESSOR OF TEACHING - PSOE,Assistant Professor of Teaching
ASST PROF OF TEACH-AY-1/9-LAW,1657,8,211,PROFESSOR OF TEACHING - PSOE,Assistant Professor of Teaching
ASST PROF OF TEACH-AY-B/E/E,1688,3,211,PROFESSOR OF TEACHING - PSOE,Assistant Professor of Teaching
ASST PROF OF TEACH-AY-LAW,1694,8,211,PROFESSOR OF TEACHING - PSOE,Assistant Professor of Teaching
ASST PROF OF TEACH-FY,1682,2,211,PROFESSOR OF TEACHING - PSOE,Assistant Professor of Teaching
ASST PROF OF TEACH-FY-B/E/E,1691,4,211,PROFESSOR OF TEACHING - PSOE,Assistant Professor of Teaching
ASST PROF OF TEACH-HCOMP,1679,5,211,PROFESSOR OF TEACHING - PSOE,Assistant Professor of Teaching
ASST PROF OF TEACH-SFT-VM,1670,7,211,PROFESSOR OF TEACHING - PSOE,Assistant Professor of Teaching
ASST PROF TEACH-AY-1/10-B/E/E,1674,3,211,PROFESSOR OF TEACHING - PSOE,Assistant Professor of Teaching
ASST PROF TEACH-AY-1/9-B/E/E,1696,3,211,PROFESSOR OF TEACHING - PSOE,Assistant Professor of Teaching
ACT ASSOC PROF OF TEACH-AY,1581,1,214,ACTING PROF OF TEACHING - SOE,Acting Associate Professor of Teaching
ACT ASSOC PROF OF TEACH-FY,1584,2,214,ACTING PROF OF TEACHING - SOE,Acting Associate Professor of Teaching
ACT ASSOC PROF OF TEACH-HCOMP,1598,5,214,ACTING PROF OF TEACHING - SOE,Acting Associate Professor of Teaching
ACT ASSOC PROF OF TEACH-SFT-VM,1595,7,214,ACTING PROF OF TEACHING - SOE,Acting Associate Professor of Teaching
ACT ASSOC PROF TEACH-AY-B/E/E,1587,3,214,ACTING PROF OF TEACHING - SOE,Acting Associate Professor of Teaching
ACT ASSOC PROF TEACH-FY-B/E/E,1590,4,214,ACTING PROF OF TEACHING - SOE,Acting Associate Professor of Teaching
ACT PROF OF TEACH-AY,1580,1,214,ACTING PROF OF TEACHING - SOE,Acting Professor of Teaching
ACT PROF OF TEACH-AY-B/E/E,1586,3,214,ACTING PROF OF TEACHING - SOE,Acting Professor of Teaching
ACT PROF OF TEACH-AY-LAW,1592,8,214,ACTING PROF OF TEACHING - SOE,Acting Professor of Teaching
ACT PROF OF TEACH-FY,1583,2,214,ACTING PROF OF TEACHING - SOE,Acting Professor of Teaching
ACT PROF OF TEACH-FY-B/E/E,1589,4,214,ACTING PROF OF TEACHING - SOE,Acting Professor of Teaching
ACT PROF OF TEACH-HCOMP,1597,5,214,ACTING PROF OF TEACHING - SOE,Acting Professor of Teaching
ACT PROF OF TEACH-SFT-VM,1594,7,214,ACTING PROF OF TEACHING - SOE,Acting Professor of Teaching
ASSOC PROF TEACH-EMERITUS(WOS),1620,,216,PROFESSOR OF TEACHING-EMERITUS,Associate Professor of Teaching-Emeritus
PROF OF TEACH-EMERITUS(WOS),1621,,216,PROFESSOR OF TEACHING-EMERITUS,Professor of Teaching-Emeritus
ACT ASST PROF OF TEACH-AY,1582,1,224,ACTING PROF OF TEACHING - PSOE,Acting Professor of Teaching
ACT ASST PROF OF TEACH-AY-LAW,1593,8,224,ACTING PROF OF TEACHING - PSOE,Acting Professor of Teaching
ACT ASST PROF OF TEACH-FY,1585,2,224,ACTING PROF OF TEACHING - PSOE,Acting Professor of Teaching
ACT ASST PROF OF TEACH-HCOMP,1599,5,224,ACTING PROF OF TEACHING - PSOE,Acting Professor of Teaching
ACT ASST PROF OF TEACH-SFT-VM,1596,7,224,ACTING PROF OF TEACHING - PSOE,Acting Professor of Teaching
ACT ASST PROF TEACH-AY-B/E/E,1588,3,224,ACTING PROF OF TEACHING - PSOE,Acting Professor of Teaching
ACT ASST PROF TEACH-FY-B/E/E,1591,4,224,ACTING PROF OF TEACHING - PSOE,Acting Professor of Teaching
CONTINUING APPT-TEMP AUG-1/9,1653,16,225,LECTURER,Continuing Lecturer
CONTINUING APPT-TEMP AUG-AY,1652,16,225,LECTURER,Continuing Lecturer
CONTINUING APPT-TEMP AUG-FY,1655,16,225,LECTURER,Continuing Lecturer
CONTINUING APPT-TEMP-AUG-1/10,1654,16,225,LECTURER,Continuing Lecturer
LECT-AY,1630,15,225,LECTURER,Lecturer
LECT-AY-1/10,1636,15,225,LECTURER,Lecturer
LECT-AY-1/10-CONTINUING,1637,16,225,LECTURER,Lecturer
LECT-AY-1/9,1632,15,225,LECTURER,Lecturer
LECT-AY-1/9-CONTINUING,1633,16,225,LECTURER,Lecturer
LECT-AY-CONTINUING,1631,16,225,LECTURER,Lecturer
LECT-FY,1634,15,225,LECTURER,Lecturer
LECT-FY-CONTINUING,1635,16,225,LECTURER,Lecturer
PRE-SIX YR APPT-TEMP SUPP-1/10,1651,15,225,LECTURER,Lecturer
PRE-SIX YR APPT-TEMP SUPP-1/9,1649,15,225,LECTURER,Lecturer
PRE-SIX YR APPT-TEMP SUPP-AY,1648,15,225,LECTURER,Lecturer
PRE-SIX YR APPT-TEMP SUPP-FY,1638,15,225,LECTURER,Lecturer
SR LECT-AY-1/10-CONTINUING,1647,16,225,LECTURER,Lecturer
SR LECT-AY-1/9-CONTINUING,1643,16,225,LECTURER,Lecturer
SR LECT-AY-CONTINUING,1641,16,225,LECTURER,Lecturer
SR LECT-FY-CONTINUING,1645,16,225,LECTURER,Lecturer
ASSOC PROF IN RES-AY,3260,1,311,PROFESSOR IN RESIDENCE,Associate Professor
ASSOC PROF IN RES-AY-1/10-B/E/E,3346,3,311,PROFESSOR IN RESIDENCE,Associate Professor
ASSOC PROF IN RES-AY-1/9,3352,1,311,PROFESSOR IN RESIDENCE,Associate Professor
ASSOC PROF IN RES-AY-1/9-B/E/E,3386,3,311,PROFESSOR IN RESIDENCE,Associate Professor
ASSOC PROF IN RES-AY-B/E/E,3384,3,311,PROFESSOR IN RESIDENCE,Associate Professor
ASSOC PROF IN RES-FY,3261,2,311,PROFESSOR IN RESIDENCE,Associate Professor
ASSOC PROF IN RES-FY-B/E/E,3385,4,311,PROFESSOR IN RESIDENCE,Associate Professor
ASSOC PROF IN RES-HCOMP,1725,5,311,PROFESSOR IN RESIDENCE,Associate Professor
ASSOC PROF IN RES-SFT-VM,1905,7,311,PROFESSOR IN RESIDENCE,Associate Professor
ASST PROF IN RES-AY,3270,1,311,PROFESSOR IN RESIDENCE,Assistant Professor
ASST PROF IN RES-AY-1/10-B/E/E,3347,3,311,PROFESSOR IN RESIDENCE,Assistant Professor
ASST PROF IN RES-AY-1/9,3351,1,311,PROFESSOR IN RESIDENCE,Assistant Professor
ASST PROF IN RES-AY-1/9-B/E/E,3389,3,311,PROFESSOR IN RESIDENCE,Assistant Professor
ASST PROF IN RES-AY-B/E/E,3387,3,311,PROFESSOR IN RESIDENCE,Assistant Professor
ASST PROF IN RES-FY,3271,2,311,PROFESSOR IN RESIDENCE,Assistant Professor
ASST PROF IN RES-FY-B/E/E,3388,4,311,PROFESSOR IN RESIDENCE,Assistant Professor
ASST PROF IN RES-HCOMP,1724,5,311,PROFESSOR IN RESIDENCE,Assistant Professor
ASST PROF IN RES-SFT-VM,1904,7,311,PROFESSOR IN RESIDENCE,Assistant Professor
INSTR IN RES-HCOMP,1723,5,311,PROFESSOR IN RESIDENCE,Instructor
PROF IN RES-AY,3250,1,311,PROFESSOR IN RESIDENCE,Professor
PROF IN RES-AY-1/10-B/E/E,3345,3,311,PROFESSOR IN RESIDENCE,Professor
PROF IN RES-AY-1/9,3353,1,311,PROFESSOR IN RESIDENCE,Professor
PROF IN RES-AY-1/9-B/E/E,3383,3,311,PROFESSOR IN RESIDENCE,Professor
PROF IN RES-AY-B/E/E,3381,3,311,PROFESSOR IN RESIDENCE,Professor
PROF IN RES-FY,3251,2,311,PROFESSOR IN RESIDENCE,Professor
PROF IN RES-FY-B/E/E,3382,4,311,PROFESSOR IN RESIDENCE,Professor
PROF IN RES-HCOMP,1726,5,311,PROFESSOR IN RESIDENCE,Professor
PROF IN RES-SFT-VM,1906,7,311,PROFESSOR IN RESIDENCE,Professor
SENATE EMERITUS (WOS),3249,,316,-SENATE-EMERITUS,Senate-Emeritus
ASSOC PROF OF CLIN-FY,1451,2,317,PROFESSOR OF CLINICAL,Associate Clinical Professor
ASSOC PROF OF CLIN-HCOMP,1454,5,317,PROFESSOR OF CLINICAL,Associate Clinical Professor
ASSOC PROF OF CLIN-SFT-VM,1916,7,317,PROFESSOR OF CLINICAL,Associate Clinical Professor
ASST PROF OF CLIN-FY,1452,2,317,PROFESSOR OF CLINICAL,Assistant Professor of Clinical
ASST PROF OF CLIN-HCOMP,1455,5,317,PROFESSOR OF CLINICAL,Assistant Professor of Clinical
ASST PROF OF CLIN-SFT-VM,1915,7,317,PROFESSOR OF CLINICAL,Assistant Professor of Clinical
PROF OF CLIN-FY,1450,2,317,PROFESSOR OF CLINICAL,Clinical Professor
PROF OF CLIN-HCOMP,1453,5,317,PROFESSOR OF CLINICAL,Clinical Professor
PROF OF CLIN-SFT-VM,1917,7,317,PROFESSOR OF CLINICAL,Clinical Professor
VIS ASSOC PROF,1208,1*,323,VISITING PROFESSOR,Visiting Associate Professor
VIS ASSOC PROF-HCOMP,1713,5*,323,VISITING PROFESSOR,Visiting Associate Professor
VIS ASST PROF,1308,1*,323,VISITING PROFESSOR,Visiting Assistant Professor
VIS ASST PROF-HCOMP,1712,5*,323,VISITING PROFESSOR,Visiting Assistant Professor
VIS PROF,1108,1*,323,VISITING PROFESSOR,Visiting Professor
VIS PROF-HCOMP,1714,5*,323,VISITING PROFESSOR,Visiting Professor
ADJ INSTR-AY,3288,1,335,ADJUNCT PROFESSOR,Adjunct Professor
ADJ INSTR-FY,3289,2,335,ADJUNCT PROFESSOR,Adjunct Professor
ADJ INSTR-HCOMP,1727,5,335,ADJUNCT PROFESSOR,Adjunct Professor
ADJ PROF-AY,3258,1,335,ADJUNCT PROFESSOR,Adjunct Professor
ADJ PROF-AY-1/10,3367,1,335,ADJUNCT PROFESSOR,Adjunct Professor
ADJ PROF-AY-1/10-BEE,3380,3,335,ADJUNCT PROFESSOR,Adjunct Professor
ADJ PROF-AY-1/9,3363,1,335,ADJUNCT PROFESSOR,Adjunct Professor
ADJ PROF-AY-1/9-B/E/E,3379,3,335,ADJUNCT PROFESSOR,Adjunct Professor
ADJ PROF-AY-B/E/E,3377,3,335,ADJUNCT PROFESSOR,Adjunct Professor
ADJ PROF-FY,3259,2,335,ADJUNCT PROFESSOR,Adjunct Professor
ADJ PROF-FY-B/E/E,3378,4,335,ADJUNCT PROFESSOR,Adjunct Professor
ADJ PROF-HCOMP,1730,5,335,ADJUNCT PROFESSOR,Adjunct Professor
ADJ PROF-SFT-VM,1910,7,335,ADJUNCT PROFESSOR,Adjunct Professor
ASSOC ADJ PROF-AY,3268,1,335,ADJUNCT PROFESSOR,Associate Adjunct Professor
ASSOC ADJ PROF-AY-1/10,3366,1,335,ADJUNCT PROFESSOR,Associate Adjunct Professor
ASSOC ADJ PROF-AY-1/10-BEE,3369,3,335,ADJUNCT PROFESSOR,Associate Adjunct Professor
ASSOC ADJ PROF-AY-1/9,3362,1,335,ADJUNCT PROFESSOR,Associate Adjunct Professor
ASSOC ADJ PROF-AY-1/9-B/E/E,3376,3,335,ADJUNCT PROFESSOR,Associate Adjunct Professor
ASSOC ADJ PROF-AY-B/E/E,3374,3,335,ADJUNCT PROFESSOR,Associate Adjunct Professor
ASSOC ADJ PROF-FY,3269,2,335,ADJUNCT PROFESSOR,Associate Adjunct Professor
ASSOC ADJ PROF-FY-B/E/E,3375,4,335,ADJUNCT PROFESSOR,Associate Adjunct Professor
ASSOC ADJ PROF-HCOMP,1729,5,335,ADJUNCT PROFESSOR,Associate Adjunct Professor
ASSOC ADJ PROF-SFT-VM,1909,7,335,ADJUNCT PROFESSOR,Associate Adjunct Professor
ASST ADJ PROF-AY,3278,1,335,ADJUNCT PROFESSOR,Assistant Adjunct Professor
ASST ADJ PROF-AY-1/10,3365,1,335,ADJUNCT PROFESSOR,Assistant Adjunct Professor
ASST ADJ PROF-AY-1/10-BEE,3368,3,335,ADJUNCT PROFESSOR,Assistant Adjunct Professor
ASST ADJ PROF-AY-1/9,3361,1,335,ADJUNCT PROFESSOR,Assistant Adjunct Professor
ASST ADJ PROF-AY-1/9-B/E/E,3373,3,335,ADJUNCT PROFESSOR,Assistant Adjunct Professor
ASST ADJ PROF-AY-B/E/E,3371,3,335,ADJUNCT PROFESSOR,Assistant Adjunct Professor
ASST ADJ PROF-FY,3279,2,335,ADJUNCT PROFESSOR,Assistant Adjunct Professor
ASST ADJ PROF-FY-B/E/E,3372,4,335,ADJUNCT PROFESSOR,Assistant Adjunct Professor
ASST ADJ PROF-HCOMP,1728,5,335,ADJUNCT PROFESSOR,Assistant Adjunct Professor
ASST ADJ PROF-SFT-VM,1908,7,335,ADJUNCT PROFESSOR,Assistant Adjunct Professor
HS ASSOC CLIN PROF-AY,2020,1,341,HEALTH SCIENCES CLINICAL PROFESSOR,Health Sciences Associate Clinical Professor
HS ASSOC CLIN PROF-FY,2030,2,341,HEALTH SCIENCES CLINICAL PROFESSOR,Health Sciences Associate Clinical Professor
HS ASSOC CLIN PROF-HCOMP,1733,5,341,HEALTH SCIENCES CLINICAL PROFESSOR,Health Sciences Associate Clinical Professor
HS ASSOC CLIN PROF-SFT-VM,1913,7,341,HEALTH SCIENCES CLINICAL PROFESSOR,Health Sciences Associate Clinical Professor
HS ASST CLIN PROF-AY,2040,1,341,HEALTH SCIENCES CLINICAL PROFESSOR,Health Sciences Assistant Clinical Professor
HS ASST CLIN PROF-FY,2050,2,341,HEALTH SCIENCES CLINICAL PROFESSOR,Health Sciences Assistant Clinical Professor
HS ASST CLIN PROF-HCOMP,1732,5,341,HEALTH SCIENCES CLINICAL PROFESSOR,Health Sciences Assistant Clinical Professor
HS ASST CLIN PROF-SFT-VM,1912,7,341,HEALTH SCIENCES CLINICAL PROFESSOR,Health Sciences Assistant Clinical Professor
HS CLIN INSTR-AY,2060,1,341,HEALTH SCIENCES CLINICAL PROFESSOR,Health Sciences Clinical Instructor
HS CLIN INSTR-FY,2070,2,341,HEALTH SCIENCES CLINICAL PROFESSOR,Health Sciences Clinical Instructor
HS CLIN INSTR-HCOMP,1731,5,341,HEALTH SCIENCES CLINICAL PROFESSOR,Health Sciences Clinical Instructor
HS CLIN INSTR-SFT-VM,1911,7,341,HEALTH SCIENCES CLINICAL PROFESSOR,Health Sciences Clinical Instructor
HS CLIN PROF-AY,2000,1,341,HEALTH SCIENCES CLINICAL PROFESSOR,Health Sciences Clinical Professor
HS CLIN PROF-FY,2010,2,341,HEALTH SCIENCES CLINICAL PROFESSOR,Health Sciences Clinical Professor
HS CLIN PROF-HCOMP,1734,5,341,HEALTH SCIENCES CLINICAL PROFESSOR,Health Sciences Clinical Professor
HS CLIN PROF-SFT-VM,1914,7,341,HEALTH SCIENCES CLINICAL PROFESSOR,Health Sciences Clinical Professor
ASSOC CLIN PROF-VOL,2037,,346,CLINICAL PROFESSOR - VOLUNTEER,Volunteer Associate Clinical Professor
ASST CLIN PROF-VOL,2057,,346,CLINICAL PROFESSOR - VOLUNTEER,Volunteer Assistant Clinical Professor
CLIN INSTR-VOL,2077,,346,CLINICAL PROFESSOR - VOLUNTEER,Volunteer Clinical Professor
CLIN PROF-VOL,2017,,346,CLINICAL PROFESSOR - VOLUNTEER,Volunteer Clinical Professor
COORD FLD WK-AY,2240,15,357,INSTRUCTIONAL ASSISTANT,Field Work Coordinator-Instructional Assistant
COORD FLD WK-AY-CONTINUING,2241,16,357,INSTRUCTIONAL ASSISTANT,Field Work Coordinator-Instructional Assistant
COORD FLD WK-FY,2245,15,357,INSTRUCTIONAL ASSISTANT,Field Work Coordinator-Instructional Assistant
COORD FLD WK-FY-CONTINUING,2246,16,357,INSTRUCTIONAL ASSISTANT,Field Work Coordinator-Instructional Assistant
FLD WK CONSULT-AY,2260,15,357,INSTRUCTIONAL ASSISTANT,Fieldwork Consultant
FLD WK CONSULT-AY-CONTINUING,2261,16,357,INSTRUCTIONAL ASSISTANT,Fieldwork Consultant
FLD WK CONSULT-FY,2265,15,357,INSTRUCTIONAL ASSISTANT,Fieldwork Consultant
FLD WK CONSULT-FY-CONTINUING,2266,16,357,INSTRUCTIONAL ASSISTANT,Fieldwork Consultant
FLD WK SUPV-AY,2250,15,357,INSTRUCTIONAL ASSISTANT,Fieldwork Supervisor
FLD WK SUPV-AY-CONTINUING,2251,16,357,INSTRUCTIONAL ASSISTANT,Fieldwork Supervisor
FLD WK SUPV-FY,2255,15,357,INSTRUCTIONAL ASSISTANT,Fieldwork Supervisor
FLD WK SUPV-FY-CONTINUING,2256,16,357,INSTRUCTIONAL ASSISTANT,Fieldwork Supervisor
LECT IN SUMMER SESSION,1550,,357,INSTRUCTIONAL ASSISTANT,Lecturer
SUPV TEACHER ED-AY,2220,32,357,INSTRUCTIONAL ASSISTANT,Teaching Supervisor
SUPV TEACHER ED-AY-CONTINUING,2221,32,357,INSTRUCTIONAL ASSISTANT,Teaching Supervisor
SUPV TEACHER ED-FY,2222,33,357,INSTRUCTIONAL ASSISTANT,Teaching Supervisor
SUPV TEACHER ED-FY-CONTINUING,2223,33,357,INSTRUCTIONAL ASSISTANT,Teaching Supervisor
TEACHG ASST-1/10-GSHIP,2320,18,426,TEACHING ASSISTANT & EQUIVALENT,Teaching Assistant
TEACHG ASST-1/10-NON GSHIP,2321,18,426,TEACHING ASSISTANT & EQUIVALENT,Teaching Assistant
TEACHG ASST-GSHIP,2310,18,426,TEACHING ASSISTANT & EQUIVALENT,Teaching Assistant
TEACHG ASST-GSHIP/NON REP,2312,18,426,TEACHING ASSISTANT & EQUIVALENT,Teaching Assistant
TEACHG ASST-NON GSHIP,2311,18,426,TEACHING ASSISTANT & EQUIVALENT,Teaching Assistant
TEACHG ASST-NON GSHIP/NON REP,2313,18,426,TEACHING ASSISTANT & EQUIVALENT,Teaching Assistant
TEACHG FELLOW-GSHIP,2300,18,426,TEACHING ASSISTANT & EQUIVALENT,Teaching Fellow
TEACHG FELLOW-GSHIP/NON REP,2302,18,426,TEACHING ASSISTANT & EQUIVALENT,Teaching Fellow
TEACHG FELLOW-NON GSHIP,2301,18,426,TEACHING ASSISTANT & EQUIVALENT,Teaching Fellow
TEACHG FELLOW-NON GSHIP/NONREP,2303,18,426,TEACHING ASSISTANT & EQUIVALENT,Teaching Fellow
GSR TRAINEE/FELLOW SUPPLEMENT,3160,22,436,GRADUATE STUDENT RESEARCHER,Graduate Student Research Fellow
GSR-FELLOW-NO REM,3144,22,436,GRADUATE STUDENT RESEARCHER,Graduate Student Research Fellow
GSR-FELLOW-PAID DIR-NO REM,3142,22,436,GRADUATE STUDENT RESEARCHER,Graduate Student Research Fellow
GSR-FELLOW-PAID DIR-TUIT REM,3143,22,436,GRADUATE STUDENT RESEARCHER,Graduate Student Research Fellow
GSR-FELLOW-TUIT REM,3145,22,436,GRADUATE STUDENT RESEARCHER,Graduate Student Research Fellow
GSR-FULL FEE REM,3282,22,436,GRADUATE STUDENT RESEARCHER,Graduate Student Researcher
GSR-FULL TUIT&PARTIAL FEE REM,3283,22,436,GRADUATE STUDENT RESEARCHER,Graduate Student Researcher
GSR-NO REM,3266,22,436,GRADUATE STUDENT RESEARCHER,Graduate Student Researcher
GSR-PARTIAL FEE REM,3276,22,436,GRADUATE STUDENT RESEARCHER,Graduate Student Researcher
GSR-TRAINEE-NO REM,3154,22,436,GRADUATE STUDENT RESEARCHER,Graduate Student Researcher
GSR-TRAINEE-PAID DIR-NO REM,3152,22,436,GRADUATE STUDENT RESEARCHER,Graduate Student Researcher
GSR-TRAINEE-PAID DIR-TUIT REM,3153,22,436,GRADUATE STUDENT RESEARCHER,Graduate Student Researcher
GSR-TRAINEE-TUIT REM,3155,22,436,GRADUATE STUDENT RESEARCHER,Graduate Student Researcher
GSR-TUIT & FEE REM,3284,22,436,GRADUATE STUDENT RESEARCHER,Graduate Student Researcher
GSR-TUIT & FEE REM-UCSD-GRP B,3285,22,436,GRADUATE STUDENT RESEARCHER,Graduate Student Researcher
GSR-TUIT & FEE REM-UCSD-GRP C,3286,22,436,GRADUATE STUDENT RESEARCHER,Graduate Student Researcher
GSR-TUIT & FEE REM-UCSD-GRP D,3287,22,436,GRADUATE STUDENT RESEARCHER,Graduate Student Researcher
GSR-TUIT & FEE REM-UCSD-GRP E,3262,22,436,GRADUATE STUDENT RESEARCHER,Graduate Student Researcher
GSR-TUIT & FEE REM-UCSD-GRP F,3263,22,436,GRADUATE STUDENT RESEARCHER,Graduate Student Researcher
GSR-TUIT & FEE REM-UCSD-GRP G,3264,22,436,GRADUATE STUDENT RESEARCHER,Graduate Student Researcher
CHIEF RESID PHYS-NON REP,2725,,446,INTERN OR RESIDENT,Chief Resident Physician
CHIEF RESID PHYS-REP,2738,,446,INTERN OR RESIDENT,Chief Resident Physician
CHIEF RESID PHYS-REP-FNO,2762,,446,INTERN OR RESIDENT,Chief Resident Physician
CHIEF RESID PHYS-REP-OV,2745,,446,INTERN OR RESIDENT,Chief Resident Physician
HEAL OTH POST-MD 4-6/REP,2766,,446,INTERN OR RESIDENT,Intern or Resident
INTERN-CLINICAL PSYCHOLOGY,2715,21,446,INTERN OR RESIDENT,Psychology Clinical Intern
INTERN-CLINICAL PSYCHOLOGY NEX,2717,21,446,INTERN OR RESIDENT,Psychology Clinical Intern
INTERN-VET MED/NON REP,2714,21,446,INTERN OR RESIDENT,Veterinary Medicine Intern
NON-PHYS CLIN TRAIN,2740,21,446,INTERN OR RESIDENT,Clinical Trainee
NON-PHYS CLIN TRAIN NEX,2739,21,446,INTERN OR RESIDENT,Clinical Trainee
OTH POST DDS/NON REP,2737,21,446,INTERN OR RESIDENT,Trainee
OTH POST DDS/REP,2758,,446,INTERN OR RESIDENT,Trainee
OTH POST-MD TRAIN 2-8/NON REP,2732,21,446,INTERN OR RESIDENT,Trainee
OTH POST-MD TRAIN 2-8/REP,2733,,446,INTERN OR RESIDENT,Trainee
OTH POST-MD TRAIN 2-8/REP-FNO,2764,,446,INTERN OR RESIDENT,Trainee
OTH POST-MD TRAIN 2-8/REP-OV,2747,,446,INTERN OR RESIDENT,Trainee
POST DDS I-VI/NON REP,2727,21,446,INTERN OR RESIDENT,Trainee
POST DDS I-VI/REP,2757,,446,INTERN OR RESIDENT,Trainee
RESID PHYS I/NON REP,2708,21,446,INTERN OR RESIDENT,Resident Physician
RESID PHYS I/REP,2709,,446,INTERN OR RESIDENT,Resident Physician
RESID PHYS I/REP-FNO,2760,,446,INTERN OR RESIDENT,Resident Physician
RESID PHYS I/REP-OV,2743,,446,INTERN OR RESIDENT,Resident Physician
RESID PHYS II-VIII/NON REP,2724,21,446,INTERN OR RESIDENT,Resident Physician
RESID PHYS II-VIII/REP,2723,,446,INTERN OR RESIDENT,Resident Physician
RESID PHYS II-VIII/REP-FNO,2761,,446,INTERN OR RESIDENT,Resident Physician
RESID PHYS II-VIII/REP-OV,2744,,446,INTERN OR RESIDENT,Resident Physician
RESID PHYS MOONLTNG NON REP,2753,,446,INTERN OR RESIDENT,Resident Physician
RESID PHYS MOONLTNG REP,2754,,446,INTERN OR RESIDENT,Resident Physician
RESID PHYS/SUBSPEC 4-8/NON REP,2726,21,446,INTERN OR RESIDENT,Resident Physician
RESID PHYS/SUBSPEC 4-8/REP,2736,,446,INTERN OR RESIDENT,Resident Physician
RESID PHYS/SUBSPEC 4-8/REP-FNO,2763,,446,INTERN OR RESIDENT,Resident Physician
RESID PHYS/SUBSPEC 4-8/REP-OV,2746,,446,INTERN OR RESIDENT,Resident Physician
RESID PHYS/SUBSPEC/T32/NON REP,2749,,446,INTERN OR RESIDENT,Resident Physician
RESID PHYS/SUBSPEC/T32/REP,2750,,446,INTERN OR RESIDENT,Resident Physician
RESID-VET MED/NON REP,2730,21,446,INTERN OR RESIDENT,Veterinary Medicine Resident
K-12 ASST-NON GSHIP/NONREP,2382,,456,OTHER STUDENT TITLES,K-12 Assistant
READER-GSHIP,2850,18,456,OTHER STUDENT TITLES,Reader
READER-GSHIP/NON REP,2854,18,456,OTHER STUDENT TITLES,Reader
READER-NON GSHIP,2851,18,456,OTHER STUDENT TITLES,Reader
READER-NON GSHIP/NON REP,2855,18,456,OTHER STUDENT TITLES,Reader
REMD TUT I-GSHIP,2288,20,456,OTHER STUDENT TITLES,Gradute Student Researcher
REMD TUT I-GSHIP/NON REP,2271,20,456,OTHER STUDENT TITLES,Gradute Student Researcher
REMD TUT II NON-GSHIP/NON REP,2272,20,456,OTHER STUDENT TITLES,Gradute Student Researcher
REMD TUT II-GSHIP,2289,20,456,OTHER STUDENT TITLES,Gradute Student Researcher
REMD TUT II-GSHIP/NON REP,2273,20,456,OTHER STUDENT TITLES,Gradute Student Researcher
REMD TUT II-NON GSHIP,2290,20,456,OTHER STUDENT TITLES,Gradute Student Researcher
REMD TUT I-NON GSHIP,2280,20,456,OTHER STUDENT TITLES,Gradute Student Researcher
REMD TUT I-NON GSHIP/NON REP,2270,20,456,OTHER STUDENT TITLES,Gradute Student Researcher
SPECIAL READER-UCLA-GSHIP,2852,,456,OTHER STUDENT TITLES,Special Reader
SPECIAL READER-UCLA-NON GSHIP,2853,,456,OTHER STUDENT TITLES,Special Reader
TUT-GSHIP,2860,,456,OTHER STUDENT TITLES,Gradute Student Researcher
TUT-GSHIP/NON REP,2862,,456,OTHER STUDENT TITLES,Gradute Student Researcher
TUT-NON GSHIP,2861,,456,OTHER STUDENT TITLES,Gradute Student Researcher
TUT-NON GSHIP/NON REP,2863,,456,OTHER STUDENT TITLES,Gradute Student Researcher
ASSOC IN   -AY-1/10-GSHIP,1508,19,467,ASSOCIATE-STUDENT,Student Associate
ASSOC IN   -AY-1/9-GSHIP,1506,19,467,ASSOCIATE-STUDENT,Student Associate
ASSOC IN  - FY-GSHIP,1511,19,467,ASSOCIATE-STUDENT,Student Associate
ASSOC IN  -AY-GSHIP,1501,19,467,ASSOCIATE-STUDENT,Student Associate
ASSOC IN  -AY-NON-GSHIP,1502,19,467,ASSOCIATE-STUDENT,Student Associate
ASSOC IN  -FY-NON-GSHIP,1512,19,467,ASSOCIATE-STUDENT,Student Associate
ASSOC IN -AY- 1/10 -NON-GSHIP,1509,19,467,ASSOCIATE-STUDENT,Student Associate
ASSOC IN -AY- 1/9 -NON-GSHIP,1507,19,467,ASSOCIATE-STUDENT,Student Associate
ASSOC ASTRONOMER,3110,2,520,ASTRONOMER-TENURE,Associate Astronomer
ASTRONOMER,3100,2,520,ASTRONOMER-TENURE,Astronomer
AGRON AES,3000,2,530,AGRONOMIST-TENURE,Agronomist
AGRON AES-AY,3060,1,530,AGRONOMIST-TENURE,Agronomist
AGRON AES-B/E/E,3012,4,530,AGRONOMIST-TENURE,Agronomist
AGRON AES-B/E/E-AY,3062,3,530,AGRONOMIST-TENURE,Agronomist
AGRON AES-SFT-VM,3001,7,530,AGRONOMIST-TENURE,Agronomist
ASSOC AGRON AES,3010,2,530,AGRONOMIST-TENURE,Associate Agronomist
ASSOC AGRON AES-AY,3070,1,530,AGRONOMIST-TENURE,Associate Agronomist
ASSOC AGRON AES-AY-B/E/E,3072,3,530,AGRONOMIST-TENURE,Associate Agronomist
ASSOC AGRON AES-B/E/E,3013,4,530,AGRONOMIST-TENURE,Associate Agronomist
ASSOC AGRON AES-SFT-VM,3011,7,530,AGRONOMIST-TENURE,Associate Agronomist
ASST AGRON AES,3020,2,531,AGRONOMIST-NON-TENURE,Assistant Agronomist
ASST AGRON AES-AY,3080,1,531,AGRONOMIST-NON-TENURE,Assistant Agronomist
ASST AGRON AES-AY-B/E/E,3082,3,531,AGRONOMIST-NON-TENURE,Assistant Agronomist
ASST AGRON AES-B/E/E,3015,4,531,AGRONOMIST-NON-TENURE,Assistant Agronomist
ASST AGRON AES-SFT-VM,3021,7,531,AGRONOMIST-NON-TENURE,Assistant Agronomist
ACT AGRON AES,3007,2,534,AGRONOMIST-ACTING,Acting Agronomist
ACT AGRON AES-AY,3064,1,534,AGRONOMIST-ACTING,Acting Agronomist
ACT AGRON AES-B/E/E,3044,4,534,AGRONOMIST-ACTING,Acting Agronomist
ACT AGRON AES-B/E/E-AY,3066,3,534,AGRONOMIST-ACTING,Acting Agronomist
ACT AGRON AES-SFT-VM,3009,7,534,AGRONOMIST-ACTING,Acting Associate Agronomist
ACT ASSOC AGRON AES,3017,2,534,AGRONOMIST-ACTING,Acting Associate Agronomist
ACT ASSOC AGRON AES-AY,3074,1,534,AGRONOMIST-ACTING,Acting Associate Agronomist
ACT ASSOC AGRON AES-B/E/E,3045,4,534,AGRONOMIST-ACTING,Acting Associate Agronomist
ACT ASSOC AGRON AES-B/E/E-AY,3076,3,534,AGRONOMIST-ACTING,Acting Associate Agronomist
ACT ASSOC AGRON AES-SFT-VM,3019,7,534,AGRONOMIST-ACTING,Acting Associate Agronomist
ACT ASST AGRON AES,3027,2,534,AGRONOMIST-ACTING,Acting Agronomist
ACT ASST AGRON AES-AY,3084,1,534,AGRONOMIST-ACTING,Acting Agronomist
ACT ASST AGRON AES-B/E/E,3046,4,534,AGRONOMIST-ACTING,Acting Agronomist
ACT ASST AGRON AES-B/E/E/-AY,3086,3,534,AGRONOMIST-ACTING,Acting Agronomist
ACT ASST AGRON AES-SFT-VM,3029,7,534,AGRONOMIST-ACTING,Acting Agronomist
ASSOC RES (WOS),3212,,541,PROFESSIONAL RESEARCH-REGULAR,Associate Professional Researcher
ASSOC RES SCRIPPS-AY,1936,,541,PROFESSIONAL RESEARCH-REGULAR,Associate Professional Researcher
ASSOC RES-FY,3210,13B,541,PROFESSIONAL RESEARCH-REGULAR,Associate Professional Researcher
ASSOC RES-FY NEX,3180,13B(N),541,PROFESSIONAL RESEARCH-REGULAR,Associate Professional Researcher
ASSOC RES-FY NEX NON REP,3181,13A(N),541,PROFESSIONAL RESEARCH-REGULAR,Associate Professional Researcher
ASSOC RES-FY-B/E/E,1988,14B,541,PROFESSIONAL RESEARCH-REGULAR,Associate Professional Researcher
ASSOC RES-FY-B/E/E NEX,1998,14B(N),541,PROFESSIONAL RESEARCH-REGULAR,Associate Professional Researcher
ASSOC RES-FY-B/E/E NEX NON REP,2008,14A(N),541,PROFESSIONAL RESEARCH-REGULAR,Associate Professional Researcher
ASSOC RES-FY-B/E/E-NON REP,1994,14A,541,PROFESSIONAL RESEARCH-REGULAR,Associate Professional Researcher
ASSOC RES-FY-NON REP,3217,13A,541,PROFESSIONAL RESEARCH-REGULAR,Associate Professional Researcher
ASSOC RES-LR SCL-AY,3213,1,541,PROFESSIONAL RESEARCH-REGULAR,Associate Professional Researcher
ASSOC RES-LR SCL-AY-1/9,3215,1,541,PROFESSIONAL RESEARCH-REGULAR,Associate Professional Researcher
ASSOC RES-LR SCL-AY-1/9-B/E/E,1984,3,541,PROFESSIONAL RESEARCH-REGULAR,Associate Professional Researcher
ASSOC RES-LR SCL-AY-B/E/E,1983,3,541,PROFESSIONAL RESEARCH-REGULAR,Associate Professional Researcher
ASSOC RES-LR SCL-FY,3211,2,541,PROFESSIONAL RESEARCH-REGULAR,Associate Professional Researcher
ASSOC RES-LR SCL-FY-B/E/E,1991,4,541,PROFESSIONAL RESEARCH-REGULAR,Associate Professional Researcher
ASSOC RES-SFT,3216,,541,PROFESSIONAL RESEARCH-REGULAR,Associate Professional Researcher
ASSOC RES-SFT NEX,3186,,541,PROFESSIONAL RESEARCH-REGULAR,Associate Professional Researcher
ASST RES (WOS),3222,,541,PROFESSIONAL RESEARCH-REGULAR,Assistant Professional Researcher
ASST RES SCRIPPS-AY,1937,,541,PROFESSIONAL RESEARCH-REGULAR,Assistant Professional Researcher
ASST RES-FY,3220,13B,541,PROFESSIONAL RESEARCH-REGULAR,Assistant Professional Researcher
ASST RES-FY NEX,3190,13B(N),541,PROFESSIONAL RESEARCH-REGULAR,Assistant Professional Researcher
ASST RES-FY NEX NON REP,3191,13A(N),541,PROFESSIONAL RESEARCH-REGULAR,Assistant Professional Researcher
ASST RES-FY-B/E/E,1989,14B,541,PROFESSIONAL RESEARCH-REGULAR,Assistant Professional Researcher
ASST RES-FY-B/E/E NEX,1999,14B(N),541,PROFESSIONAL RESEARCH-REGULAR,Assistant Professional Researcher
ASST RES-FY-B/E/E NEX NON REP,2009,14A(N),541,PROFESSIONAL RESEARCH-REGULAR,Assistant Professional Researcher
ASST RES-FY-B/E/E-NON REP,1995,14A,541,PROFESSIONAL RESEARCH-REGULAR,Assistant Professional Researcher
ASST RES-FY-NON REP,3227,13A,541,PROFESSIONAL RESEARCH-REGULAR,Assistant Professional Researcher
ASST RES-LR SCL-AY,3223,1,541,PROFESSIONAL RESEARCH-REGULAR,Assistant Professional Researcher
ASST RES-LR SCL-AY-1/9,3225,1,541,PROFESSIONAL RESEARCH-REGULAR,Assistant Professional Researcher
ASST RES-LR SCL-AY-1/9-B/E/E,1986,3,541,PROFESSIONAL RESEARCH-REGULAR,Assistant Professional Researcher
ASST RES-LR SCL-AY-B/E/E,1985,3,541,PROFESSIONAL RESEARCH-REGULAR,Assistant Professional Researcher
ASST RES-LR SCL-FY,3221,2,541,PROFESSIONAL RESEARCH-REGULAR,Assistant Professional Researcher
ASST RES-LR SCL-FY-B/E/E,1992,4,541,PROFESSIONAL RESEARCH-REGULAR,Assistant Professional Researcher
ASST RES-SFT,3226,,541,PROFESSIONAL RESEARCH-REGULAR,Assistant Professional Researcher
ASST RES-SFT NEX,3196,,541,PROFESSIONAL RESEARCH-REGULAR,Assistant Professional Researcher
RES (WOS),3202,,541,PROFESSIONAL RESEARCH-REGULAR,Professional Researcher
RES SCRIPPS-AY,1935,,541,PROFESSIONAL RESEARCH-REGULAR,Scripps Professional Researcher
RES-FY,3200,13B,541,PROFESSIONAL RESEARCH-REGULAR,Professional Researcher
RES-FY NEX,3170,13B(N),541,PROFESSIONAL RESEARCH-REGULAR,Professional Researcher
RES-FY NEX NON REP,3171,13A(N),541,PROFESSIONAL RESEARCH-REGULAR,Professional Researcher
RES-FY-B/E/E,1987,14B,541,PROFESSIONAL RESEARCH-REGULAR,Professional Researcher
RES-FY-B/E/E NEX,1997,14B(N),541,PROFESSIONAL RESEARCH-REGULAR,Professional Researcher
RES-FY-B/E/E NEX NON REP,2007,14A(N),541,PROFESSIONAL RESEARCH-REGULAR,Professional Researcher
RES-FY-B/E/E-NON REP,1993,14A,541,PROFESSIONAL RESEARCH-REGULAR,Professional Researcher
RES-FY-NON REP,3207,13A,541,PROFESSIONAL RESEARCH-REGULAR,Professional Researcher
RES-LR SCL-AY,3203,1,541,PROFESSIONAL RESEARCH-REGULAR,Professional Researcher
RES-LR SCL-AY-1/9,3205,1,541,PROFESSIONAL RESEARCH-REGULAR,Professional Researcher
RES-LR SCL-AY-1/9-B/E/E,1982,3,541,PROFESSIONAL RESEARCH-REGULAR,Professional Researcher
RES-LR SCL-AY-B/E/E,1981,3,541,PROFESSIONAL RESEARCH-REGULAR,Professional Researcher
RES-LR SCL-FY,3201,2,541,PROFESSIONAL RESEARCH-REGULAR,Professional Researcher
RES-LR SCL-FY-B/E/E,1990,4,541,PROFESSIONAL RESEARCH-REGULAR,Professional Researcher
RES-SFT,3206,,541,PROFESSIONAL RESEARCH-REGULAR,Professional Researcher
RES-SFT NEX,3176,,541,PROFESSIONAL RESEARCH-REGULAR,Professional Researcher
VIS ASSOC RES,3218,13A*,543,PROFESSIONAL RESEARCH-VISITING,Visiting Associate Researcher
VIS ASSOC RES NEX,3188,13A(N)*,543,PROFESSIONAL RESEARCH-VISITING,Visiting Associate Researcher
VIS ASST RES,3228,13A*,543,PROFESSIONAL RESEARCH-VISITING,Visiting Assistant Researcher
VIS ASST RES NEX,3198,13A(N)*,543,PROFESSIONAL RESEARCH-VISITING,Visiting Assistant Researcher
VIS RES,3208,13A*,543,PROFESSIONAL RESEARCH-VISITING,Visiting Resident
VIS RES NEX,3178,13A(N)*,543,PROFESSIONAL RESEARCH-VISITING,Visiting Resident
ASSOC SPECIALIST,3310,24B,551,SPECIALIST,Associate Specialist
ASSOC SPECIALIST (WOS),3312,,551,SPECIALIST,Associate Specialist
ASSOC SPECIALIST NEX,3311,24B(N),551,SPECIALIST,Associate Specialist
ASSOC SPECIALIST NEX NON REP,3314,24A(N),551,SPECIALIST,Associate Specialist
ASSOC SPECIALIST NON REP,3313,24A,551,SPECIALIST,Associate Specialist
ASST SPECIALIST,3320,24B,551,SPECIALIST,Assistant Specialist
ASST SPECIALIST (WOS),3322,,551,SPECIALIST,Assistant Specialist
ASST SPECIALIST NEX,3321,24B(N),551,SPECIALIST,Assistant Specialist
ASST SPECIALIST NEX NON REP,3324,24A(N),551,SPECIALIST,Assistant Specialist
ASST SPECIALIST NON REP,3323,24A,551,SPECIALIST,Assistant Specialist
JR SPECIALIST,3330,24B,551,SPECIALIST,Junior Specialist
JR SPECIALIST (WOS),3328,,551,SPECIALIST,Junior Specialist
JR SPECIALIST NEX,3329,24B(N),551,SPECIALIST,Junior Specialist
JR SPECIALIST NEX NON REP,3334,24A(N),551,SPECIALIST,Junior Specialist
JR SPECIALIST NON REP,3333,24A,551,SPECIALIST,Junior Specialist
SPECIALIST,3300,24B,551,SPECIALIST,Specialist
SPECIALIST (WOS),3302,,551,SPECIALIST,Specialist
SPECIALIST NEX,3301,24B(N),551,SPECIALIST,Specialist
SPECIALIST NEX NON REP,3304,24A(N),551,SPECIALIST,Specialist
SPECIALIST NON REP,3303,24A,551,SPECIALIST,Specialist
VIS ASSOC SPECIALIST,3315,24A*,553,SPECIALIST-VISITING,Visiting Associate Specialist
VIS ASSOC SPECIALIST NEX,3316,24A(N)*,553,SPECIALIST-VISITING,Visiting Associate Specialist
VIS ASST SPECIALIST,3325,24A*,553,SPECIALIST-VISITING,Visiting Assistant Specialist
VIS ASST SPECIALIST NEX,3326,24A(N)*,553,SPECIALIST-VISITING,Visiting Assistant Specialist
VIS JR SPECIALIST,3335,24A*,553,SPECIALIST-VISITING,Visiting Junior Specialist
VIS JR SPECIALIST NEX,3336,24A(N)*,553,SPECIALIST-VISITING,Visiting Junior Specialist
VIS SPECIALIST,3305,24A*,553,SPECIALIST-VISITING,Visiting Specialist
VIS SPECIALIST NEX,3306,24A(N)*,553,SPECIALIST-VISITING,Visiting Specialist
ASSOC SPECIALIST AES,3014,24A,557,SPECIALIST IN A.E.S.,Associate Specialist
ASSOC SPECIALIST AES NEX,3114,24A(N),557,SPECIALIST IN A.E.S.,Associate Specialist
ASST SPECIALIST AES,3024,24A,557,SPECIALIST IN A.E.S.,Assistant Specialist in Agricultural Experiment Station
ASST SPECIALIST AES NEX,3124,24A(N),557,SPECIALIST IN A.E.S.,Assistant Specialist in Agricultural Experiment Station
SPECIALIST AES,3004,24A,557,SPECIALIST IN A.E.S.,Specialist in Agricultural Experiment Station
SPECIALIST AES NEX,3104,24A(N),557,SPECIALIST IN A.E.S.,Specialist in Agricultural Experiment Station
ASSOC RES PROF-MILLER INST-AY,3292,1,566,OTHER RESEARCH,Associate Researcher
ASSOC RES PROF-MILLER INST-FY,3293,2,566,OTHER RESEARCH,Associate Researcher
CHI GREEN SCHOLAR-UCSD,3297,,566,OTHER RESEARCH,
RES PROF-MILLER INST-AY,3290,1,566,OTHER RESEARCH,Miller Institute Professional Researcher
RES PROF-MILLER INST-FY,3291,2,566,OTHER RESEARCH,Miller Institute Professional Researcher
INTRM POSTDOC SCHOLAR-EMPLOYEE,3256,23,575,POSTDOCTORAL SCHOLAR,Postdoctoral Scholar
POSTDOC-EMPLOYEE,3252,23,575,POSTDOCTORAL SCHOLAR,Postdoctoral Scholar
POSTDOC-EMPLOYEE NEX,3255,23N,575,POSTDOCTORAL SCHOLAR,Postdoctoral Scholar
POSTDOC-FELLOW,3253,23,575,POSTDOCTORAL SCHOLAR,Postdoctoral Fellow
POSTDOC-PAID DIRECT,3254,23,575,POSTDOCTORAL SCHOLAR,Postdoctoral Scholar
FACULTY FELLOW RES-AY,3237,,577,POST-GRADUATE RESEARCH-NON-STUDENT,Faculty Fellow
FACULTY FELLOW RES-AY-1/9,3238,,577,POST-GRADUATE RESEARCH-NON-STUDENT,Faculty Fellow
ASSOC PROJ SCIENTIST (WOS),3488,,581,PROJECT SERIES,Associate Project Scientist
ASSOC PROJ SCIENTIST-FY,3392,37B,581,PROJECT SERIES,Associate Project Scientist
ASSOC PROJ SCIENTIST-FY NEX,3492,37B(N),581,PROJECT SERIES,Associate Project Scientist
ASSOC PROJ SCIENTIST-FY-B/E/E,3393,38B,581,PROJECT SERIES,Associate Project Scientist
ASSOC PROJ SCI-FY NEX NON REP,3415,37A(N),581,PROJECT SERIES,Associate Project Scientist
ASSOC PROJ SCI-FY NON REP,3405,37A,581,PROJECT SERIES,Associate Project Scientist
ASSOC PROJ SCI-FY-B/E/E NONREP,3406,38A,581,PROJECT SERIES,Associate Project Scientist
ASSOC PROJ SCNTST-FY-B/E/E NEX,3493,38B(N),581,PROJECT SERIES,Associate Project Scientist
ASSOC PROJSC-FY-BEE NEX NONREP,3416,38A(N),581,PROJECT SERIES,Associate Project Scientist
ASST PROJ SCIENTIST (WOS),3489,,581,PROJECT SERIES,Assistant Project Scientist
ASST PROJ SCIENTIST-FY,3394,37B,581,PROJECT SERIES,Assistant Project Scientist
ASST PROJ SCIENTIST-FY NEX,3494,37B(N),581,PROJECT SERIES,Assistant Project Scientist
ASST PROJ SCIENTIST-FY NON REP,3407,37A,581,PROJECT SERIES,Assistant Project Scientist
ASST PROJ SCIENTIST-FY-B/E/E,3395,38B,581,PROJECT SERIES,Assistant Project Scientist
ASST PROJ SCI-FY NEX NON REP,3417,37A(N),581,PROJECT SERIES,Assistant Project Scientist
ASST PROJ SCI-FY-B/E/E NON REP,3408,38A,581,PROJECT SERIES,Assistant Project Scientist
ASST PROJ SCNTST-FY-B/E/E NEX,3495,38B(N),581,PROJECT SERIES,Assistant Project Scientist
ASST PROJSCI-FY-BEE NEX NONREP,3418,38A(N),581,PROJECT SERIES,Assistant Project Scientist
PROJ SCIENTIST (WOS),3487,,581,PROJECT SERIES,Project Scientist
PROJ SCIENTIST-FY,3390,37B,581,PROJECT SERIES,Project Scientist
PROJ SCIENTIST-FY NEX,3490,37B(N),581,PROJECT SERIES,Project Scientist
PROJ SCIENTIST-FY NON REP,3403,37A,581,PROJECT SERIES,Project Scientist
PROJ SCIENTIST-FY-B/E/E,3391,38B,581,PROJECT SERIES,Project Scientist
PROJ SCIENTIST-FY-B/E/E NEX,3491,38B(N),581,PROJECT SERIES,Project Scientist
PROJ SCIENTIST-FY-B/E/E NONREP,3404,38A,581,PROJECT SERIES,Project Scientist
PROJ SCI-FY NEX NON REP,3413,37A(N),581,PROJECT SERIES,Project Scientist
PROJ SCI-FY-B/E/E NEX NON REP,3414,38A(N),581,PROJECT SERIES,Project Scientist
VIS ASSOC PROJ SCIENTIST,3397,37A*,583,PROJECT SERIES-VISITING,Visiting Associate Project Scientist
VIS ASSOC PROJ SCIENTIST NEX,3497,37A(N)*,583,PROJECT SERIES-VISITING,Visiting Associate Project Scientist
VIS ASST PROJ SCIENTIST,3398,37A*,583,PROJECT SERIES-VISITING,Visiting Assistant Project Scientist
VIS ASST PROJ SCIENTIST NEX,3498,37A(N)*,583,PROJECT SERIES-VISITING,Visiting Assistant Project Scientist
VIS PROJ SCIENTIST,3396,37A*,583,PROJECT SERIES-VISITING,Visiting Project Scientist
VIS PROJ SCIENTIST NEX,3496,37A(N)*,583,PROJECT SERIES-VISITING,Visiting Project Scientist
ASSOC LIBRARIAN -CAREER STATUS,3616,26B,621,LIBRARIAN,Associate Librarian
ASSOC LIBRARIAN-CAREER NEX,3666,26A/B(N),621,LIBRARIAN,Associate Librarian
ASSOC LIBRARIAN-CAREER NON REP,3604,26A,621,LIBRARIAN,Associate Librarian
ASSOC LIBRARIAN-POTLCAR NONREP,3605,26A,621,LIBRARIAN,Associate Librarian
ASSOC LIBRARIAN-POTNTL CAR NEX,3667,26A/B(N),621,LIBRARIAN,Associate Librarian
ASSOC LIBRARIAN-POTNTL CAREER,3617,26B,621,LIBRARIAN,Associate Librarian
ASSOC LIBRARIAN-TEMP NEX,3668,26A/B(N),621,LIBRARIAN,Associate Librarian
ASSOC LIBRARIAN-TEMP STATUS,3618,26B,621,LIBRARIAN,Associate Librarian
ASST LIBRARIAN-CAREER NEX,3670,26A/B(N),621,LIBRARIAN,Assistant Librarian
ASST LIBRARIAN-CAREER NON REP,3606,26A,621,LIBRARIAN,Assistant Librarian
ASST LIBRARIAN-CAREER STATUS,3620,26B,621,LIBRARIAN,Assistant Librarian
ASST LIBRARIAN-POTLCAR NONREP,3607,26A,621,LIBRARIAN,Assistant Librarian
ASST LIBRARIAN-POTNTL CAR NEX,3671,26A/B(N),621,LIBRARIAN,Assistant Librarian
ASST LIBRARIAN-POTNTL CAREER,3621,26B,621,LIBRARIAN,Assistant Librarian
ASST LIBRARIAN-TEMP STATUS,3622,26B,621,LIBRARIAN,Assistant Librarian
ASST LIBRARIAN-TEMP STATUS NEX,3672,26A/B(N),621,LIBRARIAN,Assistant Librarian
LIBRARIAN-CAREER NON REP,3602,26A,621,LIBRARIAN,Librarian
LIBRARIAN-CAREER STATUS,3612,26B,621,LIBRARIAN,Librarian
LIBRARIAN-CAREER STATUS NEX,3662,26A/B(N),621,LIBRARIAN,Librarian
LIBRARIAN-POTNTL CAREER NEX,3663,26A/B(N),621,LIBRARIAN,Librarian
LIBRARIAN-POTNTL CAREER STATUS,3613,26B,621,LIBRARIAN,Librarian
LIBRARIAN-POTNTLCAREER NON REP,3603,26A,621,LIBRARIAN,Librarian
LIBRARIAN-TEMP STATUS,3614,26B,621,LIBRARIAN,Librarian
LIBRARIAN-TEMP STATUS NEX,3664,26A/B(N),621,LIBRARIAN,Librarian
VIS LIBRARIAN,3615,26A*,623,VISITING LIBRARIAN,Visiting Librarian
VIS LIBRARIAN NEX,3665,26A(N)*,623,VISITING LIBRARIAN,Visiting Librarian
ASSOC LAW LIBRARIAN,3639,,627,ASSOC & ASST UNIVERSITY LIBRARIAN,Associate Law Librarian
ASSOC LAW LIBRARIAN NEX,3640,,627,ASSOC & ASST UNIVERSITY LIBRARIAN,Associate Law Librarian
ASSOC UNIV LIBRARIAN,3600,27,627,ASSOC & ASST UNIVERSITY LIBRARIAN,Associate University Librarian
ASSOC UNIV LIBRARIAN NEX,3601,27N,627,ASSOC & ASST UNIVERSITY LIBRARIAN,Associate University Librarian
ASST LAW LIBRARIAN,3637,,627,ASSOC & ASST UNIVERSITY LIBRARIAN,Assistant Law Librarian
ASST LAW LIBRARIAN NEX,3638,,627,ASSOC & ASST UNIVERSITY LIBRARIAN,Assistant Law Librarian
ASST UNIV LIBRARIAN,3610,27,627,ASSOC & ASST UNIVERSITY LIBRARIAN,Assistant University Librarian
ASST UNIV LIBRARIAN NEX,3611,27N,627,ASSOC & ASST UNIVERSITY LIBRARIAN,Assistant University Librarian
LAW LIBRARIAN,3635,,627,ASSOC & ASST UNIVERSITY LIBRARIAN,Law Librarian
LAW LIBRARIAN NEX,3636,,627,ASSOC & ASST UNIVERSITY LIBRARIAN,Law Librarian
ASSOC COOP EXT ADVISOR,3451,28,728,COOPERATIVE EXTENSION ADVISOR,Associate Cooperative Extension Advisor
ASSOC COOP EXT ADVISOR NEX,3452,28N,728,COOPERATIVE EXTENSION ADVISOR,Associate Cooperative Extension Advisor
ASST COOP EXT ADVISOR,3461,28,728,COOPERATIVE EXTENSION ADVISOR,Assistant Cooperative Extension Advisor
ASST COOP EXT ADVISOR NEX,3462,28N,728,COOPERATIVE EXTENSION ADVISOR,Assistant Cooperative Extension Advisor
COOP EXT ADVISOR,3441,28,728,COOPERATIVE EXTENSION ADVISOR,Cooperative Extension Advisor
COOP EXT ADVISOR NEX,3442,28N,728,COOPERATIVE EXTENSION ADVISOR,Cooperative Extension Advisor
ASSOC SPECIALIST COOP EXT,3477,29,729,SPECIALIST IN COOPERATIVE EXTENSION,Associate Specialist in Cooperative Extension
ASSOC SPECIALIST COOP EXT NEX,3478,29N,729,SPECIALIST IN COOPERATIVE EXTENSION,Associate Specialist in Cooperative Extension
ASST SPECIALIST COOP EXT,3475,29,729,SPECIALIST IN COOPERATIVE EXTENSION,Assistant Specialist in Cooperative Extension
ASST SPECIALIST COOP EXT NEX,3476,29N,729,SPECIALIST IN COOPERATIVE EXTENSION,Assistant Specialist in Cooperative Extension
SPECIALIST COOP EXT,3479,29,729,SPECIALIST IN COOPERATIVE EXTENSION,Specialist in Cooperative Extension
SPECIALIST COOP EXT NEX,3480,29N,729,SPECIALIST IN COOPERATIVE EXTENSION,Specialist in Cooperative Extension
CONTINUING EDUCATOR I,3520,31,825,CONTINUING EDUCATOR -UNEX,Contining Educator
CONTINUING EDUCATOR I NEX,3530,31N,825,CONTINUING EDUCATOR -UNEX,Contining Educator
CONTINUING EDUCATOR II,3521,31,825,CONTINUING EDUCATOR -UNEX,Contining Educator
CONTINUING EDUCATOR II NEX,3531,31N,825,CONTINUING EDUCATOR -UNEX,Contining Educator
CONTINUING EDUCATOR III,3522,31,825,CONTINUING EDUCATOR -UNEX,Contining Educator
CONTINUING EDUCATOR III NEX,3532,31N,825,CONTINUING EDUCATOR -UNEX,Contining Educator
ASST TEACHER-UNEX,3572,,828,UNIVERSITY EXTENSION-OTHER,Assistant Teacher
COURSE AUTHOR-UNEX,3580,,828,UNIVERSITY EXTENSION-OTHER,Course Author
COURSE AUTHOR-UNEX NEX,3581,,828,UNIVERSITY EXTENSION-OTHER,Course Author
PROG COORD,3540,,828,UNIVERSITY EXTENSION-OTHER,Program Coordinator
PROGRAM COORDINATOR NEX,3539,,828,UNIVERSITY EXTENSION-OTHER,Program Coordinator
SPEAKER-UNEX,3575,,828,UNIVERSITY EXTENSION-OTHER,University Extension Speaker
TEACHER-UNEX,3574,,828,UNIVERSITY EXTENSION-OTHER,Teacher
TEACHER-UNEX-CONTRACT YR,3570,,828,UNIVERSITY EXTENSION-OTHER,Teacher
ASSOC COORD PUB PROG NON REP,3559,30A,927,MISCELLANEOUS TITLES-SERIES,Associate Coordinator of Public Programs
ASSOC COORD PUBLIC PROG,3560,30B,927,MISCELLANEOUS TITLES-SERIES,Associate Coordinator of Public Programs
ASSOC COORD PUBLIC PROG NEX,3564,30B(N),927,MISCELLANEOUS TITLES-SERIES,Associate Coordinator of Public Programs
ASSOC COORD PUBPROG NEX NONREP,3567,30A(N),927,MISCELLANEOUS TITLES-SERIES,Associate Coordinator of Public Programs
ASSOC CURATOR,3651,1,927,MISCELLANEOUS TITLES-SERIES,Associate Curator
ASSOC FLD PROG SUPV,3234,,927,MISCELLANEOUS TITLES-SERIES,Associate Field Programs Supervisor
ASST COORD PUB PROG NEX NONREP,3568,30A(N),927,MISCELLANEOUS TITLES-SERIES,Assistant Coordinator of Public Programs
ASST COORD PUB PROG NON REP,3561,30A,927,MISCELLANEOUS TITLES-SERIES,Assistant Coordinator of Public Programs
ASST COORD PUBLIC PROG,3562,30B,927,MISCELLANEOUS TITLES-SERIES,Assistant Coordinator of Public Programs
ASST COORD PUBLIC PROG NEX,3565,30B(N),927,MISCELLANEOUS TITLES-SERIES,Assistant Coordinator of Public Programs
ASST CURATOR,3652,1,927,MISCELLANEOUS TITLES-SERIES,Assistant Curator
COORD PUB PROG NEX NON REP,3566,30A(N),927,MISCELLANEOUS TITLES-SERIES,Public Programs Coordinator
COORD PUB PROG NON REP,3557,30A,927,MISCELLANEOUS TITLES-SERIES,Public Programs Coordinator
COORD PUBLIC PROG,3558,30B,927,MISCELLANEOUS TITLES-SERIES,Public Programs Coordinator
COORD PUBLIC PROG NEX,3563,30B(N),927,MISCELLANEOUS TITLES-SERIES,Public Programs Coordinator
CURATOR,3650,1,927,MISCELLANEOUS TITLES-SERIES,Curator
DIRECTOR-EAP STUDY CENTER,1070,,927,MISCELLANEOUS TITLES-SERIES,Education Abroad Program Study Center Director
FACULTY CONSULTANT,3700,,927,MISCELLANEOUS TITLES-SERIES,Faculty Consultant
FLD PROG SUPV,3230,,927,MISCELLANEOUS TITLES-SERIES,Field Program Supervisor
ACADEMIC ASST TO CHANC,801,,928,MISCELLANEOUS TITLES-SINGLE TITLES,Academic Assistant to Chancellor
ACADEMIC ASST TO VICE CHANC,800,,928,MISCELLANEOUS TITLES-SINGLE TITLES,Academic Assistant to Vice Chancellor
ACT/INTERIM ASSOC VICE CHANC,804,,928,MISCELLANEOUS TITLES-SINGLE TITLES,Acting Associate Vice Chancellor
ASSOC VICE CHANC,803,,928,MISCELLANEOUS TITLES-SINGLE TITLES,Associate Vice Chancellor
ASST VICE CHANC,802,,928,MISCELLANEOUS TITLES-SINGLE TITLES,Assistant Vice Chancellor
CHAIR-SEN ASMBLY&ACADEMIC CNCL,1059,,928,MISCELLANEOUS TITLES-SINGLE TITLES,Chair of Senate Assembly and Academic Council
CHILD DEV DEMO LECT,2285,15,928,MISCELLANEOUS TITLES-SINGLE TITLES,Child Development Demonstration Lecturer
CHILD DEV DEMO LECT-CONTINUING,2284,16,928,MISCELLANEOUS TITLES-SINGLE TITLES,Child Development Lecturer
CLIN ASSOCIATE-FY,2081,,928,MISCELLANEOUS TITLES-SINGLE TITLES,Clinical Associate
DEMO TEACHER,2210,,928,MISCELLANEOUS TITLES-SINGLE TITLES,Demonstration Teacher
DEMO TEACHER-CONTINUING,2211,,928,MISCELLANEOUS TITLES-SINGLE TITLES,Demonstration Continuing Teacher
EDUCATOR (WOS),1675,,928,MISCELLANEOUS TITLES-SINGLE TITLES,Educator
FACULTY ADMIN TRANSITION LV-AY,3900,,928,MISCELLANEOUS TITLES-SINGLE TITLES,Faculty Administrative Transition
FACULTY ADMIN TRANSITION LV-FY,3910,,928,MISCELLANEOUS TITLES-SINGLE TITLES,Faculty Administrative Transition
FACULTY ADVISOR,812,,928,MISCELLANEOUS TITLES-SINGLE TITLES,Faculty Advisor
FACULTY ASST TO CHANC,1044,,928,MISCELLANEOUS TITLES-SINGLE TITLES,Faculty Assistant to Chancellor
FACULTY ASST TO PROVOST/DEAN,1055,,928,MISCELLANEOUS TITLES-SINGLE TITLES,Faculty Assistant to Dean
FACULTY ASST TO VICE CHANC,1045,,928,MISCELLANEOUS TITLES-SINGLE TITLES,Faculty Assistant to Vice Chancellor
GEFFEN K-12 INSTR SUMMER PROG,2434,,928,MISCELLANEOUS TITLES-SINGLE TITLES,Geffen K-12 Summer Program Instructor
GEFFEN K-12 INSTR-AY-1/10-CONT,2433,,928,MISCELLANEOUS TITLES-SINGLE TITLES,Geffen K-12 Summer Program Instructor
GEFFEN K-12 INSTRUCTOR-AY,2430,,928,MISCELLANEOUS TITLES-SINGLE TITLES,Geffen K-12 Summer Program Instructor
GEFFEN K-12 INSTRUCTOR-AY-1/10,2432,,928,MISCELLANEOUS TITLES-SINGLE TITLES,Geffen K-12 Summer Program Instructor
GEFFEN K-12 INSTRUCTOR-AY-CONT,2431,,928,MISCELLANEOUS TITLES-SINGLE TITLES,Geffen K-12 Summer Program Instructor
GRADUATE ADVISOR,810,,928,MISCELLANEOUS TITLES-SINGLE TITLES,Graduate Advisor
HHMI INVESTIGATOR,1969,,928,MISCELLANEOUS TITLES-SINGLE TITLES,Howard Hughes Medical Institute Investigator
INTERN-CLIN PSYCH-GEN CAMP NEX,2718,21,928,MISCELLANEOUS TITLES-SINGLE TITLES,General Psychology Clinical Intern
INTERN-CLIN PSYCH-GENL CAMP,2716,21,928,MISCELLANEOUS TITLES-SINGLE TITLES,General Psychology Clinical Intern
K-12 DAILY SUBSTITUTE/NONREP,2442,,928,MISCELLANEOUS TITLES-SINGLE TITLES,K-12 Daily Substitute
K-12 INSTRUCTOR-AY,2440,,928,MISCELLANEOUS TITLES-SINGLE TITLES,K-12 Instructor
K-12 INSTRUCTOR-AY-1/10,2441,,928,MISCELLANEOUS TITLES-SINGLE TITLES,K-12 Instructor
LECT-MISCELLANEOUS/PART TIME,1650,,928,MISCELLANEOUS TITLES-SINGLE TITLES,Lecturer
LUDWIG INVESTIGATOR,1970,,928,MISCELLANEOUS TITLES-SINGLE TITLES,Ludwig Investigator
MILITARY/AIR SCI&TACTICS ASST,2600,25,928,MISCELLANEOUS TITLES-SINGLE TITLES,Military Science Assistant
MISCELLANEOUS,3999,,928,MISCELLANEOUS TITLES-SINGLE TITLES,
NON-PHYS CLIN TRAIN-GENCMP NEX,2742,21,928,MISCELLANEOUS TITLES-SINGLE TITLES,Clinical Trainee
NON-PHYS CLIN TRAIN-GENL CAMP,2741,21,928,MISCELLANEOUS TITLES-SINGLE TITLES,Clinical Trainee
NON-SENATE ACAD EMERITUS(WOS),3800,,928,MISCELLANEOUS TITLES-SINGLE TITLES,Academic-Emeritus
OMBUDSMAN-ACAD,880,,928,MISCELLANEOUS TITLES-SINGLE TITLES,Ombudsman
PREUSS K-12 COUNSELOR-AY,2447,,928,MISCELLANEOUS TITLES-SINGLE TITLES,Preuss K-12 Counselor
PREUSS K-12 COUNSELOR-AY-1/10,2448,,928,MISCELLANEOUS TITLES-SINGLE TITLES,Preuss K-12 Counselor
READER-NON STDNT,2500,18,928,MISCELLANEOUS TITLES-SINGLE TITLES,Reader
READER-NON STDNT/NON REP,2520,18,928,MISCELLANEOUS TITLES-SINGLE TITLES,Reader
RECALL NON-FACULTY ACAD,3802,,928,MISCELLANEOUS TITLES-SINGLE TITLES,Recall-Academic
RECALL NON-FACULTY ACAD NEX,3812,,928,MISCELLANEOUS TITLES-SINGLE TITLES,Recall-Academic
REGENTS' LECT,1968,,928,MISCELLANEOUS TITLES-SINGLE TITLES,Regents' Lecturer
REGENTS' PROF,1958,,928,MISCELLANEOUS TITLES-SINGLE TITLES,Regents' Professor
SUBSTITUTE TEACHER,2427,,928,MISCELLANEOUS TITLES-SINGLE TITLES,Substitute Teacher
SUBSTITUTE TEACHER-CONTINUING,2428,,928,MISCELLANEOUS TITLES-SINGLE TITLES,Substitute Teacher
TEACHER-LHS,2650,,928,MISCELLANEOUS TITLES-SINGLE TITLES,Teacher
TEACHER-LHS-CONTINUING,2651,,928,MISCELLANEOUS TITLES-SINGLE TITLES,Teacher
TEACHER-SPEC PROG,2460,,928,MISCELLANEOUS TITLES-SINGLE TITLES,Special Programs Teacher
TEACHER-SPEC PROG-CONTINUING,2461,,928,MISCELLANEOUS TITLES-SINGLE TITLES,Special Programs Teacher
TUT-NON STDNT,2510,,928,MISCELLANEOUS TITLES-SINGLE TITLES,Gradute Student Researcher
TUT-NON STDNT/NON REP,2521,,928,MISCELLANEOUS TITLES-SINGLE TITLES,Gradute Student Researcher
ADDL COMP-HGH&OLIVE VIEW MCS,3990,,999,SUPPLEMENTAL PAY CODES,
ADMIN STIPEND,1099,,999,SUPPLEMENTAL PAY CODES,
EAP-TEMP FACULTY HOUSING ALLOW,3995,,999,SUPPLEMENTAL PAY CODES,
FACULTY RECRUITMENT ALLOW,3993,40,999,SUPPLEMENTAL PAY CODES,
SALARY SUPPLEMENTATION,3998,,999,SUPPLEMENTAL PAY CODES,
STIPEND-OTH POST-MD TRAIN,2735,,999,SUPPLEMENTAL PAY CODES,
STIPEND-RESID,1092,,999,SUPPLEMENTAL PAY CODES,
SUMMER DIFFERENTIAL,1098,,999,SUPPLEMENTAL PAY CODES,
CLIN ASSOC/ADMITTING PHYSICIAN,CWR007,,CWR,CONTINGENT WORKER,Clinical Associate Physician
RESEARCH ASSOCIATE,CWR022,,CWR,CONTINGENT WORKER,Research Associate
RESEARCH FELLOW,CWR021,,CWR,CONTINGENT WORKER,Research Fellow
VISITING SCHOLAR,CWR015,,CWR,CONTINGENT WORKER,Visiting Scholar
VISITING STUDENT RES-GRADUATE,CWR003,,CWR,CONTINGENT WORKER,Visiting Undergraduate Student
VISITING STUDENT RES-UNDERGRAD,CWR016,,CWR,CONTINGENT WORKER,Visiting Graduate Student
ASSOC DEAN,1010,,S21,DEAN,Associate Dean
ASSOC DEAN-AY,1011,,S21,DEAN,Associate Dean
ASST DEAN,1020,,S21,DEAN,Assistant Dean
DEAN,1000,DEAN,S21,DEAN,Dean
DEAN-EXTENDED LEARNING,1040,,S21,DEAN,Extended Learning Dean
ACT/INTERIM ASSISTANT DEAN,1027,,S24,ACTING DEAN AND ACTING PROVOST,Acting Assistant Dean
ACT/INTERIM ASSOC DEAN,1017,,S24,ACTING DEAN AND ACTING PROVOST,Acting Associate Dean
ACT/INTERIM ASSOC VICE PROVOST,1087,,S24,ACTING DEAN AND ACTING PROVOST,Acting Associate Vice Provost
ACT/INTERIM COLLEGE PROVOST,1047,,S24,ACTING DEAN AND ACTING PROVOST,Acting College Provost
ACT/INTERIM DEAN,1007,DEAN,S24,ACTING DEAN AND ACTING PROVOST,Acting Dean
ACT/INTERIM DIVISIONAL DEAN,1037,,S24,ACTING DEAN AND ACTING PROVOST,Acting Divisional Dean
ACT/INTERIM VICE PROVOST,1077,,S24,ACTING DEAN AND ACTING PROVOST,Acting Vice Provost
ASSOC DIVISIONAL DEAN,1032,,S26,DIVISIONAL DEAN,Associate Divisional Dean
DIVISIONAL DEAN,1030,,S26,DIVISIONAL DEAN,Divisional Dean
ASSOC COLLEGE PROVOST,1052,,S27,PROVOST,Associate College Provost
ASSOC VICE PROVOST,1069,,S27,PROVOST,Associate Vice Provost
ASST COLLEGE PROVOST,1051,,S27,PROVOST,Assistant College Provost
COLLEGE PROVOST,1060,,S27,PROVOST,College Provost
VICE PROVOST,1068,,S27,PROVOST,Vice Provost
ASSOC DIRECTOR,910,,S31,DIRECTOR,Associate Director
ASST DIRECTOR,920,,S31,DIRECTOR,Assistant Director
DIRECTOR,900,,S31,DIRECTOR,Director
ACT/INTERIM ASSOC DIRECTOR,917,,S34,ACTING DIRECTOR,Acting Associate Director
ACT/INTERIM ASST DIRECTOR,927,,S34,ACTING DIRECTOR,Acting Assistant Director
ACT/INTERIM DIRECTOR,907,,S34,ACTING DIRECTOR,Acting Director
ACADEMIC COORD I-AY,840,35,S46,ACADEMIC COORDINATOR,Academic Coordinator
ACADEMIC COORD I-AY NEX,850,**,S46,ACADEMIC COORDINATOR,Academic Coordinator
ACADEMIC COORD I-FY,841,36,S46,ACADEMIC COORDINATOR,Academic Coordinator
ACADEMIC COORD I-FY NEX,851,36N,S46,ACADEMIC COORDINATOR,Academic Coordinator
ACADEMIC COORD II-AY,842,35,S46,ACADEMIC COORDINATOR,Academic Coordinator
ACADEMIC COORD II-AY NEX,852,**,S46,ACADEMIC COORDINATOR,Academic Coordinator
ACADEMIC COORD II-FY,843,36,S46,ACADEMIC COORDINATOR,Academic Coordinator
ACADEMIC COORD II-FY NEX,853,36N,S46,ACADEMIC COORDINATOR,Academic Coordinator
ACADEMIC COORD III-AY,844,35,S46,ACADEMIC COORDINATOR,Academic Coordinator
ACADEMIC COORD III-AY NEX,854,**,S46,ACADEMIC COORDINATOR,Academic Coordinator
ACADEMIC COORD III-FY,845,36,S46,ACADEMIC COORDINATOR,Academic Coordinator
ACADEMIC COORD III-FY NEX,855,36N,S46,ACADEMIC COORDINATOR,Academic Coordinator
ACADEMIC ADMINISTRATOR I,1061,34,S56,ACADEMIC-ADMINISTRATOR,Academic Administrator
ACADEMIC ADMINISTRATOR I NEX,961,34N,S56,ACADEMIC-ADMINISTRATOR,Academic Administrator
ACADEMIC ADMINISTRATOR II,1062,34,S56,ACADEMIC-ADMINISTRATOR,Academic Administrator
ACADEMIC ADMINISTRATOR II NEX,962,34N,S56,ACADEMIC-ADMINISTRATOR,Academic Administrator
ACADEMIC ADMINISTRATOR III,1063,34,S56,ACADEMIC-ADMINISTRATOR,Academic Administrator
ACADEMIC ADMINISTRATOR III NEX,963,34N,S56,ACADEMIC-ADMINISTRATOR,Academic Administrator
ACADEMIC ADMINISTRATOR IV,1064,34,S56,ACADEMIC-ADMINISTRATOR,Academic Administrator
ACADEMIC ADMINISTRATOR IV NEX,964,34N,S56,ACADEMIC-ADMINISTRATOR,Academic Administrator
ACADEMIC ADMINISTRATOR V,1065,34,S56,ACADEMIC-ADMINISTRATOR,Academic Administrator
ACADEMIC ADMINISTRATOR V NEX,965,34N,S56,ACADEMIC-ADMINISTRATOR,Academic Administrator
ACADEMIC ADMINISTRATOR VI,1066,34,S56,ACADEMIC-ADMINISTRATOR,Academic Administrator
ACADEMIC ADMINISTRATOR VI NEX,966,34N,S56,ACADEMIC-ADMINISTRATOR,Academic Administrator
ACADEMIC ADMINISTRATOR VII,1067,34,S56,ACADEMIC-ADMINISTRATOR,Academic Administrator
ACADEMIC ADMINISTRATOR VII NEX,967,34N,S56,ACADEMIC-ADMINISTRATOR,Academic Administrator
DEPARTMENT CHAIR,1096,,S61,DEPARTMENT CHAIRPERSON,Department Chair
DEPARTMENT VICE CHAIR,1094,,S61,DEPARTMENT CHAIRPERSON,Department Chair
ACT/INTERIM DEPARTMENT CHAIR,1095,,S64,ACTING DEPARTMENT CHAIRPERSON,Acting Department Chair
