code6	title	class	system/local	cto	cto_name	ucd_academic	ucd_senate_federation	Durst/Federation	Academic Count	Staff Count
000001	PRESIDENT OF THE UNIV	PRESIDENT OF THE UNIV	Senior Management Group	Local	M05	T	UNK			
000002	ASC VC AND ASC DEAN SR SOM	ASC VC AND ASC DEAN SR SOM	Senior Management Group	Local	M05	T	UNK			
000003	ASC VC AND CEACO	ASC VC AND CEACO	Senior Management Group	Local	M05	T	UNK			
000004	ASC VC DVRSTY AND CEAO	ASC VC DVRSTY AND CEAO	Senior Management Group	Local	M05	T	UNK			
000005	ASC VP ACAD PRG AND STRAT	ASC VP ACAD PRG AND STRAT	Senior Management Group	Local	M05	T	UNK			
000006	ASC VP BUDGET AND FAC MGT	ASC VP BUDGET AND FAC MGT	Senior Management Group	Local	M05	T	UNK			
000007	ASC VP BUS OPS	ASC VP BUS OPS	Senior Management Group	Local	M05	T	UNK			
000008	ASC VP BUS OPS ANR	ASC VP BUS OPS ANR	Senior Management Group	Local	M05	T	UNK			
000010	PROVOST EXEC VP ACAD AFFAIRS	PROVOST EXEC VP ACAD AFFAIRS	Senior Management Group	Local	M10	T	UNK			
000011	ASC VP CAPITAL RESC MGT	ASC VP CAPITAL RESC MGT	Senior Management Group	Local	M05	T	UNK			
000012	SVP DESIGNATE	SVP DESIGNATE	Senior Management Group	Systemwide	M05	T	UNK			
000013	ASC VP CPO	ASC VP CPO	Senior Management Group	Local	M05	T	UNK			
000014	SVP BUS AND FIN	SVP BUS AND FIN	Senior Management Group	Systemwide	M05	T	UNK			
000015	VP FUNC AREA	VP FUNC AREA	Senior Management Group	Systemwide	M05	T	UNK			
000016	VP ANR	VP ANR	Senior Management Group	Local	M05	T	UNK			
000017	VP HEALTH AFFAIRS	VP HEALTH AFFAIRS	Senior Management Group	Systemwide	M05	T	UNK			
000018	SVP UNIV AFFAIRS	SVP UNIV AFFAIRS	Senior Management Group	Local	M05	T	UNK			
000019	VP CLIN SVC DEV	VP CLIN SVC DEV	Senior Management Group	Systemwide	M05	T	UNK			
000020	VC UNDERGRAD	VC UNDERGRAD	Senior Management Group	Systemwide	M05	T	UNK			
000021	ASC VP SYSWIDE CONTROLLER	ASC VP SYSWIDE CONTROLLER	Senior Management Group	Local	M05	T	UNK			
000022	ASC VP CSO	ASC VP CSO	Senior Management Group	Local	M05	T	UNK			
000023	ASC VP FEDERAL GOVT REL	ASC VP FEDERAL GOVT REL	Senior Management Group	Local	M05	T	UNK			
000024	ASC VP HS	ASC VP HS	Senior Management Group	Local	M05	T	UNK			
000025	VP IT AND CIO	VP IT AND CIO	Senior Management Group	Local	M05	T	UNK			
000026	ASC VP LAB OPS ADMSTN	ASC VP LAB OPS ADMSTN	Senior Management Group	Local	M05	T	UNK			
000027	ASC VP LAB PRG	ASC VP LAB PRG	Senior Management Group	Local	M05	T	UNK			
000028	VP IR AND ACAD PLNG	VP IR AND ACAD PLNG	Senior Management Group	Local	M05	T	UNK			
000029	ASC VP STATE GOVT REL	ASC VP STATE GOVT REL	Senior Management Group	Local	M05	T	UNK			
000030	CHAN	CHAN	Senior Management Group	Local	M05	T	No		1	
000032	VC RESTRICTED USE	VC RESTRICTED USE	Senior Management Group	Systemwide	M05	T	UNK			
000033	VC FUNC AREA	VC FUNC AREA	Senior Management Group	Systemwide	M05	T	UNK			
000034	SR VC RESTRICTED USE	SR VC RESTRICTED USE	Senior Management Group	Systemwide	M05	T	UNK			
000035	SR VC FUNC AREA	SR VC FUNC AREA	Senior Management Group	Systemwide	M05	T	UNK			
000036	AST VP FINANCIAL CNTRL ACCTBLY	AST VP FINANCIAL CNTRL ACCTBLY	Senior Management Group	Local	M05	T	UNK			
000037	AST VP INSTITUTIONAL ADV	AST VP INSTITUTIONAL ADV	Senior Management Group	Local	M05	T	UNK			
000039	EXEC VP UC HEALTH	EXEC VP UC HEALTH	Senior Management Group	Local	M05	T	UNK			
000040	UNIV PROVOST	UNIV PROVOST	Senior Management Group	Systemwide	M05	T	UNK			
000042	PROVOST FUNC AREA	PROVOST FUNC AREA	Senior Management Group	Systemwide	M10	T	UNK			
000043	DEPUTY AST VP	DEPUTY AST VP	Senior Management Group	Systemwide	M05	T	UNK			
000044	DEPUTY ASC VP	DEPUTY ASC VP	Senior Management Group	Systemwide	M05	T	UNK			
000045	AST VP FUNC AREA	AST VP FUNC AREA	Senior Management Group	Systemwide	M05	T	UNK			
000046	ASC VP CRO	ASC VP CRO	Senior Management Group	Local	M05	T	UNK			
000047	DEAN UNIV EXT	DEAN UNIV EXT	Senior Management Group	Local	M05	T	UNK			
000050	ASC VP ACAD AFFAIRS	ASC VP ACAD AFFAIRS	Senior Management Group	Systemwide	M05	T	UNK			
000053	EXEC DIR AND COO PHYSCN SUPP	EXEC DIR AND COO PHYSCN SUPP	Senior Management Group	Local	M05	T	UNK			
000056	EXEC DIR INNOV ALLNS AND SVC	EXEC DIR INNOV ALLNS AND SVC	Senior Management Group	Local	M05	T	UNK			
000059	EXEC DIR MED GROUP	EXEC DIR MED GROUP	Senior Management Group	Local	M05	T	UNK			
000062	EXEC DIR RGPO	EXEC DIR RGPO	Senior Management Group	Local	M05	T	UNK			
000066	EXEC VC AND PROVOST	EXEC VC AND PROVOST	Senior Management Group	Local	M05	T	UNK			
000068	EXEC VP BUS OPS	EXEC VP BUS OPS	Senior Management Group	Local	M05	T	UNK			
000072	EXEC VP CFO	EXEC VP CFO	Senior Management Group	Local	M05	T	UNK			
000076	SVP EXTERNAL REL	SVP EXTERNAL REL	Senior Management Group	Local	M05	T	UNK			
000077	SVP HS AND SVC	SVP HS AND SVC	Senior Management Group	Local	M05	T	UNK			
000078	VC ACAD PERSONNEL	VC ACAD PERSONNEL	Senior Management Group	Local	M05	T	UNK			
000079	VC AND DEAN GRAD STUDIES	VC AND DEAN GRAD STUDIES	Senior Management Group	Local	M05	T	UNK			
000080	GEN COUNSEL VP LEGAL AFFAIRS	GEN COUNSEL VP LEGAL AFFAIRS	Senior Management Group	Local	M05	T	UNK			
000086	VC AND DEAN MARINE SCI	VC AND DEAN MARINE SCI	Senior Management Group	Local	M05	T	UNK			
000087	VC AND DEAN SOM	VC AND DEAN SOM	Senior Management Group	Local	M05	T	UNK		1	
000088	EXEC DIR EXEC	EXEC DIR EXEC	Senior Management Group	Systemwide	M05	T	UNK			
000090	EXEC ASC VC FUNC AREA	EXEC ASC VC FUNC AREA	Senior Management Group	Systemwide	M05	T	UNK			
000091	EXEC AST VC FUNC AREA	EXEC AST VC FUNC AREA	Senior Management Group	Systemwide	M05	T	UNK			
000092	EXEC AST VC SFTY	EXEC AST VC SFTY	Senior Management Group	Systemwide	M05	T	UNK			
000093	EXEC DIR FUNC AREA	EXEC DIR FUNC AREA	Senior Management Group	Systemwide	M05	T	UNK			
000094	EXEC DEPUTY DIR FUNC AREA	EXEC DEPUTY DIR FUNC AREA	Senior Management Group	Systemwide	M05	T	UNK			
000095	EXEC ASC DIR FUNC AREA	EXEC ASC DIR FUNC AREA	Senior Management Group	Systemwide	M05	T	UNK			
000096	EXEC AST DIR FUNC AREA	EXEC AST DIR FUNC AREA	Senior Management Group	Systemwide	M05	T	UNK			
000097	FUNC AREA EXEC DIR	FUNC AREA EXEC DIR	Senior Management Group	Systemwide	M05	T	UNK			
000098	FUNC AREA EXEC AND DIR	FUNC AREA EXEC AND DIR	Senior Management Group	Systemwide	M05	T	UNK			
000108	EXEC DEAN FUNC AREA	EXEC DEAN FUNC AREA	Senior Management Group	Systemwide	M05	T	UNK			
000109	FUNC AREA EXEC AND DEAN	FUNC AREA EXEC AND DEAN	Senior Management Group	Systemwide	M05	T	UNK			
000110	EXEC AST DEAN FUNC AREA	EXEC AST DEAN FUNC AREA	Senior Management Group	Systemwide	M05	T	UNK			
000111	EXEC ASC DEAN FUNC AREA	EXEC ASC DEAN FUNC AREA	Senior Management Group	Systemwide	M05	T	UNK			
000118	UNIV LIBRARIAN	UNIV LIBRARIAN	Senior Management Group	Local	M05	T	UNK		1	
000119	EXEC ASC UNIV LIBRARIAN	EXEC ASC UNIV LIBRARIAN	Senior Management Group	Systemwide	M05	T	UNK			
000124	VC BUDGET AND PLNG	VC BUDGET AND PLNG	Senior Management Group	Local	M05	T	UNK			
000126	VC BUS ADMSTN	VC BUS ADMSTN	Senior Management Group	Local	M05	T	UNK			
000127	VC DEV AND UNIV REL	VC DEV AND UNIV REL	Senior Management Group	Local	M05	T	UNK			
000128	VC EQUITY AND INCLUSION	VC EQUITY AND INCLUSION	Senior Management Group	Local	M05	T	UNK			
000131	VC IT	VC IT	Senior Management Group	Local	M05	T	UNK			
000132	VC RSCH	VC RSCH	Senior Management Group	Local	M05	T	UNK		1	
000133	VC STDT AFFAIRS	VC STDT AFFAIRS	Senior Management Group	Local	M05	T	UNK			
000138	ACTG CHAN	ACTG CHAN	Senior Management Group	Local	M05	T	UNK			
000140	AST CHAN FUNC AREA	AST CHAN FUNC AREA	Senior Management Group	Systemwide	M05	T	UNK			
000141	VP BUDGET AND CAPITAL RESC	VP BUDGET AND CAPITAL RESC	Senior Management Group	Local	M05	T	UNK			
000142	VP HR	VP HR	Senior Management Group	Local	M05	T	UNK			
000143	VP NATIONAL LAB	VP NATIONAL LAB	Senior Management Group	Local	M05	T	UNK			
000144	VP RSCH AND GRAD STUDIES	VP RSCH AND GRAD STUDIES	Senior Management Group	Local	M05	T	UNK			
000146	VP STDT AFFAIRS	VP STDT AFFAIRS	Senior Management Group	Local	M05	T	UNK			
000147	SVP PUBL AFFAIRS	SVP PUBL AFFAIRS	Senior Management Group	Systemwide	M05	T	UNK			
000148	SVP GOVT REL	SVP GOVT REL	Senior Management Group	Systemwide	M05	T	UNK			
000149	SVP ADULT SVC AND PRES	SVP ADULT SVC AND PRES	Senior Management Group	Systemwide	M05	T	UNK			
000151	EXEC VP PHYSCN SVC VD CLIN AFF	EXEC VP PHYSCN SVC VD CLIN AFF	Senior Management Group	Local	M05	T	UNK			
000154	VC CFO	VC CFO	Senior Management Group	Local	M05	T	UNK			
000156	SVP CHILD SVC/PRES BENIOFF	SVP CHILD SVC/PRES BENIOFF	Senior Management Group	Systemwide	M05	T	UNK			
000157	VC STRAT COMM	VC STRAT COMM	Senior Management Group	Systemwide	M05	T	UNK			
000159	SVP CLIN PRACTICE AMBUL SVC	SVP CLIN PRACTICE AMBUL SVC	Senior Management Group	Systemwide	M05	T	UNK			
000160	EXEC DEAN SAC	EXEC DEAN SAC	Senior Management Group	Systemwide	M05	T	UNK			
000161	EXEC DIR MED CTR	EXEC DIR MED CTR	Senior Management Group	Local	M05	T	UNK			
000167	EXEC PROVOST SAC	EXEC PROVOST SAC	Senior Management Group	Systemwide	M05	T	UNK			
000170	VC SCI POLICY AND STRAT	VC SCI POLICY AND STRAT	Senior Management Group	Local	M10	T	UNK			
000171	ASC VP	ASC VP	Senior Management Group	Local	M05	T	UNK			
000176	VC COMMUNITY & GOVT REL	VC COMMUNITY & GOVT REL	Senior Management Group	Systemwide	M05	T	UNK			
000177	ASC VP SELF INSURED PLANS	ASC VP SELF INSURED PLANS	Senior Management Group	Systemwide	M05	T	UNK			
000182	ASC VP ENERGY AND SUSTAIN	ASC VP ENERGY AND SUSTAIN	Senior Management Group	Local	M05	T	UNK			
000184	SVP EXTERNAL  REL AND COMM	SVP EXTERNAL  REL AND COMM	Senior Management Group	Systemwide	M05	T	UNK			
000186	SVP HEALTH AFFILIATES	SVP HEALTH AFFILIATES	Senior Management Group	Systemwide	M05	T	UNK			
000194	VC BUS DEV INNOV AND PARTNER	VC BUS DEV INNOV AND PARTNER	Senior Management Group	Systemwide	M05	T	UNK			
000208	CHAN ASC MSP	CHAN ASC MSP	Management & Sr Professional	Local	M10	T	UNK			
000209	VICE CHAN ASC	VICE CHAN ASC	Management & Sr Professional	Local	M10	T	UNK			
000210	VICE CHAN AST	VICE CHAN AST	Management & Sr Professional	Local	M10	T	UNK			
000245	DIR	DIR	Management & Sr Professional	Local	M10	T	No			
000250	DEPUTY DIR	DEPUTY DIR	Management & Sr Professional	Local	M10	T	UNK			
000256	DIR ASC	DIR ASC	Management & Sr Professional	Local	M10	T	UNK			
000259	DIR AST	DIR AST	Management & Sr Professional	Local	M10	T	UNK			
000380	DEAN	DEAN	Management & Sr Professional	Local	M10	T	UNK			
000384	DEAN AST	DEAN AST	Management & Sr Professional	Local	M10	T	UNK			
000385	DEAN ASC	DEAN ASC	Management & Sr Professional	Local	M10	T	UNK			
000388	PROVOST AST	PROVOST AST	Management & Sr Professional	Local	M10	T	UNK			
000451	DIR EXEC	DIR EXEC	Management & Sr Professional	Local	M10	T	UNK			
000800	ACADEMIC ASST TO VICE CHANC	ACADEMIC ASST TO VICE CHANC	Academic	Systemwide	928	T	No			
000801	ACADEMIC ASST TO CHANC	ACADEMIC ASST TO CHANC	Academic	Systemwide	928	T	No			
000802	ASST VICE CHANC	ASST VICE CHANC	Academic	Systemwide	928	T	No			
000803	ASSOC VICE CHANC	ASSOC VICE CHANC	Academic	Systemwide	928	T	No			
000804	ACT/INTERIM ASSOC VICE CHANC	ACT/INTERIM ASSOC VICE CHANC	Academic	Systemwide	928	T	No			
000810	GRADUATE ADVISOR	GRADUATE ADVISOR	Academic	Systemwide	928	T	No			
000812	FACULTY ADVISOR	FACULTY ADVISOR	Academic	Systemwide	928	T	No			
000840	ACADEMIC COORD I-AY	ACADEMIC COORD I-AY	Academic	Systemwide	S46	T	Federation	Federation	2	
000841	ACADEMIC COORD I-FY	ACADEMIC COORD I-FY	Academic	Systemwide	S46	T	Federation	Federation	8	
000842	ACADEMIC COORD II-AY	ACADEMIC COORD II-AY	Academic	Systemwide	S46	T	Federation	Federation		
000843	ACADEMIC COORD II-FY	ACADEMIC COORD II-FY	Academic	Systemwide	S46	T	Federation	Federation	35	
000844	ACADEMIC COORD III-AY	ACADEMIC COORD III-AY	Academic	Systemwide	S46	T	Federation	Federation		
000845	ACADEMIC COORD III-FY	ACADEMIC COORD III-FY	Academic	Systemwide	S46	T	Federation	Federation	10	
000850	ACADEMIC COORD I-AY NEX	ACADEMIC COORD I-AY NEX	Academic	Local	S46	T	Federation	Federation		
000851	ACADEMIC COORD I-FY NEX	ACADEMIC COORD I-FY NEX	Academic	Systemwide	S46	T	Federation	Federation		
000852	ACADEMIC COORD II-AY NEX	ACADEMIC COORD II-AY NEX	Academic	Local	S46	T	Federation	Federation		
000853	ACADEMIC COORD II-FY NEX	ACADEMIC COORD II-FY NEX	Academic	Systemwide	S46	T	Federation	Federation	2	
000854	ACADEMIC COORD III-AY NEX	ACADEMIC COORD III-AY NEX	Academic	Systemwide	S46	T	Federation	Federation		
000855	ACADEMIC COORD III-FY NEX	ACADEMIC COORD III-FY NEX	Academic	Systemwide	S46	T	Federation	Federation	1	
000877	ACT ACADEMIC COORD	ACT ACADEMIC COORD	Academic	Systemwide	S44	T	No			
000878	ACT ACADEMIC COORD NEX	ACT ACADEMIC COORD NEX	Academic	Systemwide	S44	T	No			
000880	OMBUDSMAN-ACAD	OMBUDSMAN-ACAD	Academic	Systemwide	928	T	No			
000900	DIRECTOR	DIRECTOR	Academic	Systemwide	S31	T	No		2	
000907	ACT/INTERIM DIRECTOR	ACT/INTERIM DIRECTOR	Academic	Systemwide	S34	T	No			
000910	ASSOC DIRECTOR	ASSOC DIRECTOR	Academic	Systemwide	S31	T	No			
000917	ACT/INTERIM ASSOC DIRECTOR	ACT/INTERIM ASSOC DIRECTOR	Academic	Systemwide	S34	T	No			
000920	ASST DIRECTOR	ASST DIRECTOR	Academic	Systemwide	S31	T	No			
000927	ACT/INTERIM ASST DIRECTOR	ACT/INTERIM ASST DIRECTOR	Academic	Systemwide	S34	T	No			
000961	ACADEMIC ADMINISTRATOR I NEX	ACADEMIC ADMINISTRATOR I NEX	Academic	Systemwide	S56	T	Federation	Federation		
000962	ACADEMIC ADMINISTRATOR II NEX	ACADEMIC ADMINISTRATOR II NEX	Academic	Systemwide	S56	T	Federation	Federation		
000963	ACADEMIC ADMINISTRATOR III NEX	ACADEMIC ADMINISTRATOR III NEX	Academic	Systemwide	S56	T	Federation	Federation		
000964	ACADEMIC ADMINISTRATOR IV NEX	ACADEMIC ADMINISTRATOR IV NEX	Academic	Systemwide	S56	T	Federation	Federation		
000965	ACADEMIC ADMINISTRATOR V NEX	ACADEMIC ADMINISTRATOR V NEX	Academic	Systemwide	S56	T	Federation	Federation		
000966	ACADEMIC ADMINISTRATOR VI NEX	ACADEMIC ADMINISTRATOR VI NEX	Academic	Systemwide	S56	T	Federation	Federation		
000967	ACADEMIC ADMINISTRATOR VII NEX	ACADEMIC ADMINISTRATOR VII NEX	Academic	Systemwide	S56	T	Federation	Federation		
001000	DEAN	DEAN	Academic	Systemwide	S21	T	No		9	
001007	ACT/INTERIM DEAN	ACT/INTERIM DEAN	Academic	Systemwide	S24	T	No		2	
001010	ASSOC DEAN	ASSOC DEAN	Academic	Systemwide	S21	F	No		1	
001011	ASSOC DEAN-AY	ASSOC DEAN-AY	Academic	Systemwide	S21	T	UNK			
001017	ACT/INTERIM ASSOC DEAN	ACT/INTERIM ASSOC DEAN	Academic	Systemwide	S24	T	No			
001020	ASST DEAN	ASST DEAN	Academic	Systemwide	S21	T	No			
001027	ACT/INTERIM ASSISTANT DEAN	ACT/INTERIM ASSISTANT DEAN	Academic	Systemwide	S24	T	No			
001030	DIVISIONAL DEAN	DIVISIONAL DEAN	Academic	Systemwide	S26	T	No			
001032	ASSOC DIVISIONAL DEAN	ASSOC DIVISIONAL DEAN	Academic	Systemwide	S26	T	No			
001037	ACT/INTERIM DIVISIONAL DEAN	ACT/INTERIM DIVISIONAL DEAN	Academic	Systemwide	S24	T	No			
001040	DEAN-EXTENDED LEARNING	DEAN-EXTENDED LEARNING	Academic	Systemwide	S21	T	No			
001044	FACULTY ASST TO CHANC	FACULTY ASST TO CHANC	Academic	Systemwide	928	T	No			
001045	FACULTY ASST TO VICE CHANC	FACULTY ASST TO VICE CHANC	Academic	Systemwide	928	T	No			
001047	ACT/INTERIM COLLEGE PROVOST	ACT/INTERIM COLLEGE PROVOST	Academic	Systemwide	S24	T	No			
001051	ASST COLLEGE PROVOST	ASST COLLEGE PROVOST	Academic	Systemwide	S27	T	No			
001052	ASSOC COLLEGE PROVOST	ASSOC COLLEGE PROVOST	Academic	Systemwide	S27	T	No			
001055	FACULTY ASST TO PROVOST/DEAN	FACULTY ASST TO PROVOST/DEAN	Academic	Systemwide	928	T	No		1	
001059	CHAIR-SEN ASMBLY&ACADEMIC CNCL	CHAIR-SEN ASMBLY&ACADEMIC CNCL	Academic	Systemwide	928	T	No			
001060	COLLEGE PROVOST	COLLEGE PROVOST	Academic	Systemwide	S27	T	No			
001061	ACADEMIC ADMINISTRATOR I	ACADEMIC ADMINISTRATOR I	Academic	Systemwide	S56	T	Federation	Federation	1	
001062	ACADEMIC ADMINISTRATOR II	ACADEMIC ADMINISTRATOR II	Academic	Systemwide	S56	T	Federation	Federation		
001063	ACADEMIC ADMINISTRATOR III	ACADEMIC ADMINISTRATOR III	Academic	Systemwide	S56	T	Federation	Federation	4	
001064	ACADEMIC ADMINISTRATOR IV	ACADEMIC ADMINISTRATOR IV	Academic	Systemwide	S56	T	Federation	Federation	2	
001065	ACADEMIC ADMINISTRATOR V	ACADEMIC ADMINISTRATOR V	Academic	Systemwide	S56	T	Federation	Federation	4	
001066	ACADEMIC ADMINISTRATOR VI	ACADEMIC ADMINISTRATOR VI	Academic	Systemwide	S56	T	Federation	Federation	4	
001067	ACADEMIC ADMINISTRATOR VII	ACADEMIC ADMINISTRATOR VII	Academic	Systemwide	S56	T	Federation	Federation	7	
001068	VICE PROVOST	VICE PROVOST	Academic	Systemwide	S27	T	No		3	
001069	ASSOC VICE PROVOST	ASSOC VICE PROVOST	Academic	Systemwide	S27	T	No			
001070	DIRECTOR-EAP STUDY CENTER	DIRECTOR-EAP STUDY CENTER	Academic	Systemwide	927	T	No			
001077	ACT/INTERIM VICE PROVOST	ACT/INTERIM VICE PROVOST	Academic	Systemwide	S24	T	No		1	
001087	ACT/INTERIM ASSOC VICE PROVOST	ACT/INTERIM ASSOC VICE PROVOST	Academic	Systemwide	S24	T	No			
001092	STIPEND-RESID	STIPEND-RESID	Academic	Systemwide	999	T	No			
001094	DEPARTMENT VICE CHAIR	DEPARTMENT VICE CHAIR	Academic	Systemwide	S61	T	No			
001095	ACT/INTERIM DEPARTMENT CHAIR	ACT/INTERIM DEPARTMENT CHAIR	Academic	Systemwide	S64	T	No			
001096	DEPARTMENT CHAIR	DEPARTMENT CHAIR	Academic	Systemwide	S61	T	No			
001098	SUMMER DIFFERENTIAL	SUMMER DIFFERENTIAL	Academic	Systemwide	999	T	No			
001099	ADMIN STIPEND	ADMIN STIPEND	Academic	Systemwide	999	T	No			
001100	PROF-AY	PROF-AY	Academic	Systemwide	010	T	Senate		376	
001101	ACT PROF-AY-1/9	ACT PROF-AY-1/9	Academic	Systemwide	114	T	Senate			
001103	PROF-AY-1/9	PROF-AY-1/9	Academic	Systemwide	010	T	Senate			
001104	UNIV PROF	UNIV PROF	Academic	Systemwide	010	T	Senate			
001107	ACT PROF-AY	ACT PROF-AY	Academic	Systemwide	114	T	Senate			
001108	VIS PROF	VIS PROF	Academic	Systemwide	323	T	No		9	
001110	PROF-FY	PROF-FY	Academic	Systemwide	010	T	Senate		149	
001117	ACT PROF-FY	ACT PROF-FY	Academic	Systemwide	114	T	Senate			
001130	PROF-10 MONTHS	PROF-10 MONTHS	Academic	Systemwide	010	T	Senate			
001132	PROF EMERITUS(WOS)	PROF EMERITUS(WOS)	Academic	Systemwide	016	T	No		988	
001143	PROF-AY-B/E/E	PROF-AY-B/E/E	Academic	Systemwide	010	T	Senate		155	
001144	PROF-FY-B/E/E	PROF-FY-B/E/E	Academic	Systemwide	010	T	Senate		24	
001145	PROF-AY-1/9-B/E/E	PROF-AY-1/9-B/E/E	Academic	Systemwide	010	T	Senate			
001180	PROF-AY-LAW	PROF-AY-LAW	Academic	Systemwide	010	T	Senate		27	
001181	PROF-AY-1/9-LAW	PROF-AY-1/9-LAW	Academic	Systemwide	010	T	Senate			
001182	ACT PROF-AY-LAW	ACT PROF-AY-LAW	Academic	Systemwide	114	T	Senate		6	
001183	ACT PROF-AY-1/9-LAW	ACT PROF-AY-1/9-LAW	Academic	Systemwide	114	T	Senate			
001200	ASSOC PROF-AY	ASSOC PROF-AY	Academic	Systemwide	010	T	Senate		182	
001201	ACT ASSOC PROF-AY-1/9	ACT ASSOC PROF-AY-1/9	Academic	Systemwide	114	T	Senate			
001203	ASSOC PROF-AY-1/9	ASSOC PROF-AY-1/9	Academic	Systemwide	010	T	Senate			
001207	ACT ASSOC PROF-AY	ACT ASSOC PROF-AY	Academic	Systemwide	114	T	Senate		1	
001208	VIS ASSOC PROF	VIS ASSOC PROF	Academic	Systemwide	323	T	No		10	
001210	ASSOC PROF-FY	ASSOC PROF-FY	Academic	Systemwide	010	T	Senate		16	
001217	ACT ASSOC PROF-FY	ACT ASSOC PROF-FY	Academic	Systemwide	114	T	Senate			
001230	ASSOC PROF-10 MONTHS	ASSOC PROF-10 MONTHS	Academic	Systemwide	010	T	Senate			
001243	ASSOC PROF-AY-B/E/E	ASSOC PROF-AY-B/E/E	Academic	Systemwide	010	T	Senate		53	
001244	ASSOC PROF-FY-B/E/E	ASSOC PROF-FY-B/E/E	Academic	Systemwide	010	T	Senate		3	
001245	ASSOC PROF-AY-1/9-B/E/E	ASSOC PROF-AY-1/9-B/E/E	Academic	Systemwide	010	T	Senate			
001300	ASST PROF-AY	ASST PROF-AY	Academic	Systemwide	011	T	Senate		179	
001301	ACT ASST PROF-AY-1/9	ACT ASST PROF-AY-1/9	Academic	Systemwide	124	T	No			
001303	ASST PROF-AY-1/9	ASST PROF-AY-1/9	Academic	Systemwide	011	T	Senate		2	
001307	ACT ASST PROF-AY	ACT ASST PROF-AY	Academic	Systemwide	124	T	No			
001308	VIS ASST PROF	VIS ASST PROF	Academic	Systemwide	323	T	No		29	
001310	ASST PROF-FY	ASST PROF-FY	Academic	Systemwide	011	T	Senate			
001317	ACT ASST PROF-FY	ACT ASST PROF-FY	Academic	Systemwide	124	T	No			
001330	ASST PROF-10-MONTHS	ASST PROF-10-MONTHS	Academic	Systemwide	011	T	Senate			
001343	ASST PROF-AY-B/E/E	ASST PROF-AY-B/E/E	Academic	Systemwide	011	T	Senate		55	
001344	ASST PROF-FY-B/E/E	ASST PROF-FY-B/E/E	Academic	Systemwide	011	T	Senate			
001345	ASST PROF-AY-1/9-B/E/E	ASST PROF-AY-1/9-B/E/E	Academic	Systemwide	011	T	Senate			
001403	INSTR-AY-1/9	INSTR-AY-1/9	Academic	Systemwide	011	T	Senate			
001450	PROF OF CLIN-FY	PROF OF CLIN-FY	Academic	Systemwide	317	T	Senate		2	
001451	ASSOC PROF OF CLIN-FY	ASSOC PROF OF CLIN-FY	Academic	Systemwide	317	T	Senate			
001452	ASST PROF OF CLIN-FY	ASST PROF OF CLIN-FY	Academic	Systemwide	317	T	Senate			
001453	PROF OF CLIN-HCOMP	PROF OF CLIN-HCOMP	Academic	Systemwide	317	T	Senate		95	
001454	ASSOC PROF OF CLIN-HCOMP	ASSOC PROF OF CLIN-HCOMP	Academic	Systemwide	317	T	Senate		54	
001455	ASST PROF OF CLIN-HCOMP	ASST PROF OF CLIN-HCOMP	Academic	Systemwide	317	T	Senate		74	
001501	ASSOC IN ____-AY-GSHIP	ASSOC IN ____-AY-GSHIP	Academic	Systemwide	467	T	No			
001502	ASSOC IN __-AY-NON-GSHIP	ASSOC IN __-AY-NON-GSHIP	Academic	Systemwide	467	T	No			
001506	ASSOC IN __ -AY-1/9-GSHIP	ASSOC IN __ -AY-1/9-GSHIP	Academic	Systemwide	467	T	No			
001507	ASSOC IN__-AY- 1/9 -NON-GSHIP	ASSOC IN__-AY- 1/9 -NON-GSHIP	Academic	Systemwide	467	T	No			
001508	ASSOC IN __ -AY-1/10-GSHIP	ASSOC IN __ -AY-1/10-GSHIP	Academic	Systemwide	467	T	UNK			
001509	ASSOC IN__-AY- 1/10 -NON-GSHIP	ASSOC IN__-AY- 1/10 -NON-GSHIP	Academic	Systemwide	467	T	UNK			
001511	ASSOC IN __- FY-GSHIP	ASSOC IN __- FY-GSHIP	Academic	Systemwide	467	T	No			
001512	ASSOC IN __-FY-NON-GSHIP	ASSOC IN __-FY-NON-GSHIP	Academic	Systemwide	467	T	No			
001540	ACT ASSOC PROF-HCOMP	ACT ASSOC PROF-HCOMP	Academic	Systemwide	114	T	Senate		1	
001542	ACT PROF-HCOMP	ACT PROF-HCOMP	Academic	Systemwide	114	T	Senate			
001550	LECT IN SUMMER SESSION	LECT IN SUMMER SESSION	Academic	Systemwide	357	T	Federation	Federation	1	
001564	ACT ASST PROF-HCOMP	ACT ASST PROF-HCOMP	Academic	Systemwide	124	T	No			
001580	ACT SR LECT SOE-AY	ACT SR LECT SOE-AY	Academic	Systemwide	214	T	Senate			
001581	ACT LECT SOE-AY	ACT LECT SOE-AY	Academic	Systemwide	214	T	Senate			
001582	ACT LECT PSOE-AY	ACT LECT PSOE-AY	Academic	Systemwide	224	T	No			
001583	ACT SR LECT SOE-FY	ACT SR LECT SOE-FY	Academic	Systemwide	214	T	Senate			
001584	ACT LECT SOE-FY	ACT LECT SOE-FY	Academic	Systemwide	214	T	Senate			
001585	ACT LECT PSOE-FY	ACT LECT PSOE-FY	Academic	Systemwide	224	T	No			
001586	ACT SR LECT SOE-AY-B/E/E	ACT SR LECT SOE-AY-B/E/E	Academic	Systemwide	214	T	Senate			
001587	ACT LECT SOE-AY-B/E/E	ACT LECT SOE-AY-B/E/E	Academic	Systemwide	214	T	Senate			
001588	ACT LECT PSOE-AY-B/E/E	ACT LECT PSOE-AY-B/E/E	Academic	Systemwide	224	T	No			
001589	ACT SR LECT SOE-FY-B/E/E	ACT SR LECT SOE-FY-B/E/E	Academic	Systemwide	214	T	Senate			
001590	ACT LECT SOE-FY-B/E/E	ACT LECT SOE-FY-B/E/E	Academic	Systemwide	214	T	Senate			
001591	ACT LECT PSOE-FY-B/E/E	ACT LECT PSOE-FY-B/E/E	Academic	Systemwide	224	T	No			
001592	ACT SR LECT SOE-AY-LAW	ACT SR LECT SOE-AY-LAW	Academic	Systemwide	214	T	Senate			
001593	ACT LECT PSOE-AY-LAW	ACT LECT PSOE-AY-LAW	Academic	Systemwide	224	T	No			
001594	ACT SR LECT SOE-SFT-VM	ACT SR LECT SOE-SFT-VM	Academic	Systemwide	214	T	Senate			
001595	ACT LECT SOE-SFT-VM	ACT LECT SOE-SFT-VM	Academic	Systemwide	214	T	Senate			
001596	ACT LECT PSOE-SFT-VM	ACT LECT PSOE-SFT-VM	Academic	Systemwide	224	T	No			
001597	ACT SR LECT SOE-HCOMP	ACT SR LECT SOE-HCOMP	Academic	Systemwide	214	T	Senate			
001598	ACT LECT SOE-HCOMP	ACT LECT SOE-HCOMP	Academic	Systemwide	214	T	Senate			
001599	ACT LECT PSOE-HCOMP	ACT LECT PSOE-HCOMP	Academic	Systemwide	224	F	No			
001600	SR LECT PSOE-AY-PART TIME	SR LECT PSOE-AY-PART TIME	Academic	Systemwide	221	F	No			
001602	SR LECT PSOE-AY-1/9-PART TIME	SR LECT PSOE-AY-1/9-PART TIME	Academic	Systemwide	221	T	No			
001603	SR LECT SOE-AY	SR LECT SOE-AY	Academic	Systemwide	210	T	Senate		4	
001604	SR LECT SOE-AY-1/9	SR LECT SOE-AY-1/9	Academic	Systemwide	210	F	Senate			
001605	LECT PSOE-AY-PART TIME	LECT PSOE-AY-PART TIME	Academic	Systemwide	221	F	No			
001606	LECT PSOE-AY-1/9-PART TIME	LECT PSOE-AY-1/9-PART TIME	Academic	Systemwide	221	T	No			
001607	LECT SOE-AY	LECT SOE-AY	Academic	Systemwide	210	T	Senate		6	
001608	LECT SOE-AY-1/9	LECT SOE-AY-1/9	Academic	Systemwide	210	F	Senate			
001610	SR LECT PSOE-FY-PART TIME	SR LECT PSOE-FY-PART TIME	Academic	Systemwide	221	T	No			
001613	SR LECT SOE-FY	SR LECT SOE-FY	Academic	Systemwide	210	F	Senate		1	
001615	LECT PSOE-FY-PART TIME	LECT PSOE-FY-PART TIME	Academic	Systemwide	221	T	No			
001617	LECT SOE-FY	LECT SOE-FY	Academic	Systemwide	210	T	Senate		1	
001618	LECT SOE-HCOMP	LECT SOE-HCOMP	Academic	Systemwide	210	T	Senate			
001619	SR LECT SOE-HCOMP	SR LECT SOE-HCOMP	Academic	Systemwide	210	T	Senate			
001620	LECT SOE-EMERITUS(WOS)	LECT SOE-EMERITUS(WOS)	Academic	Systemwide	216	T	No		16	
001621	SR LECT SOE-EMERITUS (WOS)	SR LECT SOE-EMERITUS (WOS)	Academic	Systemwide	216	T	No		30	
001630	LECT-AY	LECT-AY	Academic	Systemwide	225	T	Federation	Federation	151	
001631	LECT-AY-CONTINUING	LECT-AY-CONTINUING	Academic	Systemwide	225	T	Federation	Federation	145	
001632	LECT-AY-1/9	LECT-AY-1/9	Academic	Systemwide	225	T	Federation	Federation	145	
001633	LECT-AY-1/9-CONTINUING	LECT-AY-1/9-CONTINUING	Academic	Systemwide	225	T	Federation	Federation	6	
001634	LECT-FY	LECT-FY	Academic	Systemwide	225	T	Federation	Federation	3	
001635	LECT-FY-CONTINUING	LECT-FY-CONTINUING	Academic	Systemwide	225	T	Federation	Federation		
001636	LECT-AY-1/10	LECT-AY-1/10	Academic	Systemwide	225	T	Federation	Federation	58	
001637	LECT-AY-1/10-CONTINUING	LECT-AY-1/10-CONTINUING	Academic	Systemwide	225	T	Federation	Federation		
001640	SR LECT-AY	SR LECT-AY	Academic	Systemwide	225	T	Federation	Federation		
001641	SR LECT-AY-CONTINUING	SR LECT-AY-CONTINUING	Academic	Systemwide	225	T	Federation	Federation		
001642	SR LECT-AY-1/9	SR LECT-AY-1/9	Academic	Systemwide	225	T	Federation	Federation		
001643	SR LECT-AY-1/9-CONTINUING	SR LECT-AY-1/9-CONTINUING	Academic	Systemwide	225	T	Federation	Federation		
001644	SR LECT-FY	SR LECT-FY	Academic	Systemwide	225	T	Federation	Federation		
001645	SR LECT-FY-CONTINUING	SR LECT-FY-CONTINUING	Academic	Systemwide	225	T	Federation	Federation		
001646	SR LECT-AY-1/10	SR LECT-AY-1/10	Academic	Systemwide	225	T	Federation	Federation		
001647	SR LECT-AY-1/10-CONTINUING	SR LECT-AY-1/10-CONTINUING	Academic	Systemwide	225	T	Federation	Federation		
001650	LECT-MISCELLANEOUS/PART TIME	LECT-MISCELLANEOUS/PART TIME	Academic	Systemwide	928	T	Federation	Federation	1	
001652	CONTINUING APPT-TEMP AUG	CONTINUING APPT-TEMP AUG	Academic	Systemwide	225	T	Federation	Federation	7	
001653	CONTINUING APPT-TEMP AUG-1/9	CONTINUING APPT-TEMP AUG-1/9	Academic	Systemwide	225	T	Federation	Federation		
001654	CONTINUING APPT-TEMP-AUG-1/10	CONTINUING APPT-TEMP-AUG-1/10	Academic	Systemwide	225	T	Federation	Federation		
001668	SR LECT SOE-SFT-VM	SR LECT SOE-SFT-VM	Academic	Systemwide	210	T	Senate			
001669	LECT SOE-SFT-VM	LECT SOE-SFT-VM	Academic	Systemwide	210	T	Senate			
001670	LECT PSOE-SFT-VM	LECT PSOE-SFT-VM	Academic	Systemwide	211	T	Senate			
001675	EDUCATOR (WOS)	EDUCATOR (WOS)	Academic	Systemwide	928	F	Federation	Federation	14	
001676	UCDC EDUCATOR - AY	UCDC EDUCATOR - AY	Academic	Systemwide	928	T	No			
001677	UCDC EDUCATOR - FY	UCDC EDUCATOR - FY	Academic	Systemwide	928	T	UNK			
001679	LECT PSOE-HCOMP	LECT PSOE-HCOMP	Academic	Systemwide	211	T	Senate			
001680	LECT PSOE-AY	LECT PSOE-AY	Academic	Systemwide	211	T	Senate		24	
001681	LECT PSOE-AY-1/9	LECT PSOE-AY-1/9	Academic	Systemwide	211	T	Senate			
001682	LECT PSOE-FY	LECT PSOE-FY	Academic	Systemwide	211	F	Senate			
001683	SR LECT PSOE-AY	SR LECT PSOE-AY	Academic	Systemwide	211	F	UNK			
001684	SR LECT PSOE-AY-1/9	SR LECT PSOE-AY-1/9	Academic	Systemwide	211	F	UNK			
001685	SR LECT PSOE-FY	SR LECT PSOE-FY	Academic	Systemwide	211	T	UNK			
001686	SR LECT SOE-AY-B/E/E	SR LECT SOE-AY-B/E/E	Academic	Systemwide	210	T	Senate			
001687	LECT SOE-AY-B/E/E	LECT SOE-AY-B/E/E	Academic	Systemwide	210	T	Senate		5	
001688	LECT PSOE-AY-B/E/E	LECT PSOE-AY-B/E/E	Academic	Systemwide	211	T	Senate		9	
001689	SR LECT SOE-FY-B/E/E	SR LECT SOE-FY-B/E/E	Academic	Systemwide	210	T	Senate			
001690	LECT SOE-FY-B/E/E	LECT SOE-FY-B/E/E	Academic	Systemwide	210	T	Senate			
001691	LECT PSOE-FY-B/E/E	LECT PSOE-FY-B/E/E	Academic	Systemwide	211	T	Senate			
001693	SR LECT SOE-AY-LAW	SR LECT SOE-AY-LAW	Academic	Systemwide	210	T	Senate			
001694	LECT PSOE-AY-LAW	LECT PSOE-AY-LAW	Academic	Systemwide	211	T	Senate			
001699	RECALL TEACHING NON-SENATE	RECALL TEACHING NON-SENATE	Academic	Systemwide	012	T	No		1	
001700	RECALL TEACHING	RECALL TEACHING	Academic	Systemwide	012	T	No		7	
001701	RECALL HCOMP	RECALL HCOMP	Academic	Systemwide	012	T	No		23	
001702	RECALL FACULTY	RECALL FACULTY	Academic	Systemwide	012	T	No		63	
001712	VIS ASST PROF-HCOMP	VIS ASST PROF-HCOMP	Academic	Systemwide	323	T	No		7	
001713	VIS ASSOC PROF-HCOMP	VIS ASSOC PROF-HCOMP	Academic	Systemwide	323	T	No		2	
001714	VIS PROF-HCOMP	VIS PROF-HCOMP	Academic	Systemwide	323	T	No		1	
001715	INSTR-HCOMP	INSTR-HCOMP	Academic	Systemwide	011	T	Senate			
001717	ASST PROF-HCOMP	ASST PROF-HCOMP	Academic	Systemwide	011	T	Senate		25	
001719	ASSOC PROF-HCOMP	ASSOC PROF-HCOMP	Academic	Systemwide	010	T	Senate		39	
001721	PROF-HCOMP	PROF-HCOMP	Academic	Systemwide	010	T	Senate		159	
001723	INSTR IN RES-HCOMP	INSTR IN RES-HCOMP	Academic	Systemwide	311	T	Senate			
001724	ASST PROF IN RES-HCOMP	ASST PROF IN RES-HCOMP	Academic	Systemwide	311	T	Senate		15	
001725	ASSOC PROF IN RES-HCOMP	ASSOC PROF IN RES-HCOMP	Academic	Systemwide	311	T	Senate		21	
001726	PROF IN RES-HCOMP	PROF IN RES-HCOMP	Academic	Systemwide	311	T	Senate		23	
001727	ADJ INSTR-HCOMP	ADJ INSTR-HCOMP	Academic	Systemwide	335	T	Federation	Federation		
001728	ASST ADJ PROF-HCOMP	ASST ADJ PROF-HCOMP	Academic	Systemwide	335	T	Federation	Federation	18	
001729	ASSOC ADJ PROF-HCOMP	ASSOC ADJ PROF-HCOMP	Academic	Systemwide	335	T	Federation	Federation	14	
001730	ADJ PROF-HCOMP	ADJ PROF-HCOMP	Academic	Systemwide	335	T	Federation	Federation	7	
001731	HS CLIN INSTR-HCOMP	HS CLIN INSTR-HCOMP	Academic	Systemwide	341	T	Federation	Federation		
001732	HS ASST CLIN PROF-HCOMP	HS ASST CLIN PROF-HCOMP	Academic	Systemwide	341	T	Federation	Federation	215	
001733	HS ASSOC CLIN PROF-HCOMP	HS ASSOC CLIN PROF-HCOMP	Academic	Systemwide	341	T	Federation	Federation	120	
001734	HS CLIN PROF-HCOMP	HS CLIN PROF-HCOMP	Academic	Systemwide	341	T	Federation	Federation	163	
001895	INSTR-SFT-VM	INSTR-SFT-VM	Academic	Systemwide	011	T	Senate			
001897	ASST PROF-SFT-VM	ASST PROF-SFT-VM	Academic	Systemwide	011	T	Senate		18	
001898	ACT ASST PROF-SFT-VM	ACT ASST PROF-SFT-VM	Academic	Systemwide	124	T	No			
001899	ASSOC PROF-SFT-VM	ASSOC PROF-SFT-VM	Academic	Systemwide	010	T	Senate		21	
001900	ACT ASSOC PROF-SFT-VM	ACT ASSOC PROF-SFT-VM	Academic	Systemwide	114	T	Senate			
001901	PROF-SFT-VM	PROF-SFT-VM	Academic	Systemwide	010	T	Senate		73	
001902	ACT PROF-SFT-VM	ACT PROF-SFT-VM	Academic	Systemwide	114	T	Senate			
001904	ASST PROF IN RES-SFT-VM	ASST PROF IN RES-SFT-VM	Academic	Systemwide	311	T	Senate			
001905	ASSOC PROF IN RES-SFT-VM	ASSOC PROF IN RES-SFT-VM	Academic	Systemwide	311	T	Senate			
001906	PROF IN RES-SFT-VM	PROF IN RES-SFT-VM	Academic	Systemwide	311	T	Senate		3	
001908	ASST ADJ PROF-SFT-VM	ASST ADJ PROF-SFT-VM	Academic	Systemwide	335	T	Federation	Federation	2	
001909	ASSOC ADJ PROF-SFT-VM	ASSOC ADJ PROF-SFT-VM	Academic	Systemwide	335	T	Federation	Federation	2	
001910	ADJ PROF-SFT-VM	ADJ PROF-SFT-VM	Academic	Systemwide	335	T	Federation	Federation	5	
001911	HS CLIN INSTR-SFT-VM	HS CLIN INSTR-SFT-VM	Academic	Systemwide	341	T	Federation	Federation		
001912	HS ASST CLIN PROF-SFT-VM	HS ASST CLIN PROF-SFT-VM	Academic	Systemwide	341	T	Federation	Federation	7	
001913	HS ASSOC CLIN PROF-SFT-VM	HS ASSOC CLIN PROF-SFT-VM	Academic	Systemwide	341	T	Federation	Federation	1	
001914	HS CLIN PROF-SFT-VM	HS CLIN PROF-SFT-VM	Academic	Systemwide	341	T	Federation	Federation	4	
001915	ASST PROF OF CLIN-SFT-VM	ASST PROF OF CLIN-SFT-VM	Academic	Systemwide	317	T	Senate		26	
001916	ASSOC PROF OF CLIN-SFT-VM	ASSOC PROF OF CLIN-SFT-VM	Academic	Systemwide	317	T	Senate		12	
001917	PROF OF CLIN-SFT-VM	PROF OF CLIN-SFT-VM	Academic	Systemwide	317	T	Senate		23	
001935	RES SCRIPPS-AY	RES SCRIPPS-AY	Academic	Systemwide	541	T	UNK	Federation		
001936	ASSOC RES SCRIPPS-AY	ASSOC RES SCRIPPS-AY	Academic	Systemwide	541	T	UNK	Federation		
001937	ASST RES SCRIPPS-AY	ASST RES SCRIPPS-AY	Academic	Systemwide	541	T	UNK	Federation		
001958	REGENTS' PROF	REGENTS' PROF	Academic	Systemwide	928	T	No			
001968	REGENTS' LECT	REGENTS' LECT	Academic	Systemwide	928	T	No			
001969	HHMI INVESTIGATOR	HHMI INVESTIGATOR	Academic	Systemwide	928	T	No			
001970	LUDWIG INVESTIGATOR	LUDWIG INVESTIGATOR	Academic	Systemwide	928	T	No			
001971	ACT PROF-AY-B/E/E	ACT PROF-AY-B/E/E	Academic	Systemwide	114	T	Senate			
001972	ACT PROF-FY-B/E/E	ACT PROF-FY-B/E/E	Academic	Systemwide	114	T	Senate			
001973	ACT PROF-AY-1/9-B/E/E	ACT PROF-AY-1/9-B/E/E	Academic	Systemwide	114	T	Senate			
001974	ACT ASSOC PROF-AY-B/E/E	ACT ASSOC PROF-AY-B/E/E	Academic	Systemwide	114	T	Senate			
001975	ACT ASSOC PROF-FY-B/E/E	ACT ASSOC PROF-FY-B/E/E	Academic	Systemwide	114	T	Senate			
001976	ACT ASSOC PROF-AY-1/9-B/E/E	ACT ASSOC PROF-AY-1/9-B/E/E	Academic	Systemwide	114	T	Senate			
001977	ACT ASST PROF-AY-B/E/E	ACT ASST PROF-AY-B/E/E	Academic	Systemwide	124	T	No			
001978	ACT ASST PROF-FY-B/E/E	ACT ASST PROF-FY-B/E/E	Academic	Systemwide	124	T	No			
001979	ACT ASST PROF-AY-1/9-B/E/E	ACT ASST PROF-AY-1/9-B/E/E	Academic	Systemwide	124	T	No			
001981	RES-LR SCL-AY-B/E/E	RES-LR SCL-AY-B/E/E	Academic	Systemwide	541	T	Federation	Federation		
001982	RES-LR SCL-AY-1/9-B/E/E	RES-LR SCL-AY-1/9-B/E/E	Academic	Systemwide	541	T	Federation	Federation		
001983	ASSOC RES-LR SCL-AY-B/E/E	ASSOC RES-LR SCL-AY-B/E/E	Academic	Systemwide	541	T	Federation	Federation		
001984	ASSOC RES-LR SCL-AY-1/9-B/E/E	ASSOC RES-LR SCL-AY-1/9-B/E/E	Academic	Systemwide	541	T	Federation	Federation		
001985	ASST RES-LR SCL-AY-B/E/E	ASST RES-LR SCL-AY-B/E/E	Academic	Systemwide	541	T	Federation	Federation		
001986	ASST RES-LR SCL-AY-1/9-B/E/E	ASST RES-LR SCL-AY-1/9-B/E/E	Academic	Systemwide	541	T	Federation	Federation		
001987	RES-FY-B/E/E	RES-FY-B/E/E	Academic	Systemwide	541	T	Federation	Federation	2	
001988	ASSOC RES-FY-B/E/E	ASSOC RES-FY-B/E/E	Academic	Systemwide	541	T	Federation	Federation	1	
001989	ASST RES-FY-B/E/E	ASST RES-FY-B/E/E	Academic	Systemwide	541	T	Federation	Federation	3	
001990	RES-LR SCL-FY-B/E/E	RES-LR SCL-FY-B/E/E	Academic	Systemwide	541	T	No			
001991	ASSOC RES-LR SCL-FY-B/E/E	ASSOC RES-LR SCL-FY-B/E/E	Academic	Systemwide	541	T	No			
001992	ASST RES-LR SCL-FY-B/E/E	ASST RES-LR SCL-FY-B/E/E	Academic	Systemwide	541	T	No			
001993	RES-FY-B/E/E-NON REP	RES-FY-B/E/E-NON REP	Academic	Systemwide	541	T	No		2	
001994	ASSOC RES-FY-B/E/E-NON REP	ASSOC RES-FY-B/E/E-NON REP	Academic	Systemwide	541	T	No			
001995	ASST RES-FY-B/E/E-NON REP	ASST RES-FY-B/E/E-NON REP	Academic	Systemwide	541	T	No			
001997	RES-FY-B/E/E NEX	RES-FY-B/E/E NEX	Academic	Systemwide	541	T	Federation	Federation		
001998	ASSOC RES-FY-B/E/E NEX	ASSOC RES-FY-B/E/E NEX	Academic	Systemwide	541	T	Federation	Federation		
001999	ASST RES-FY-B/E/E NEX	ASST RES-FY-B/E/E NEX	Academic	Systemwide	541	T	Federation	Federation		
002000	HS CLIN PROF-AY	HS CLIN PROF-AY	Academic	Systemwide	341	T	Federation	Federation		
002010	HS CLIN PROF-FY	HS CLIN PROF-FY	Academic	Systemwide	341	T	Federation	Federation	6	
002011	CLIN PROF-DENT-50%/+-FY	CLIN PROF-DENT-50%/+-FY	Academic	Systemwide	030	T	No			
002017	CLIN PROF-VOL	CLIN PROF-VOL	Academic	Systemwide	346	T	No		156	
002020	HS ASSOC CLIN PROF-AY	HS ASSOC CLIN PROF-AY	Academic	Systemwide	341	T	Federation	Federation		
002030	HS ASSOC CLIN PROF-FY	HS ASSOC CLIN PROF-FY	Academic	Systemwide	341	T	Federation	Federation	4	
002037	ASSOC CLIN PROF-VOL	ASSOC CLIN PROF-VOL	Academic	Systemwide	346	T	No		121	
002040	HS ASST CLIN PROF-AY	HS ASST CLIN PROF-AY	Academic	Systemwide	341	T	Federation	Federation		
002050	HS ASST CLIN PROF-FY	HS ASST CLIN PROF-FY	Academic	Systemwide	341	T	Federation	Federation	13	
002057	ASST CLIN PROF-VOL	ASST CLIN PROF-VOL	Academic	Systemwide	346	T	No		386	
002060	HS CLIN INSTR-AY	HS CLIN INSTR-AY	Academic	Systemwide	341	T	Federation	Federation		
002070	HS CLIN INSTR-FY	HS CLIN INSTR-FY	Academic	Systemwide	341	T	Federation	Federation	1	
002077	CLIN INSTR-VOL	CLIN INSTR-VOL	Academic	Systemwide	346	T	No		197	
002081	CLIN ASSOCIATE-FY	CLIN ASSOCIATE-FY	Academic	Systemwide	928	T	No			
002100	SUPV PE-AY	SUPV PE-AY	Academic	Systemwide	040	T	Federation	Federation		
002120	ASSOC SUPV PE-AY	ASSOC SUPV PE-AY	Academic	Systemwide	040	T	Federation	Federation		
002210	DEMO TEACHER	DEMO TEACHER	Academic	Systemwide	928	T	Federation	Federation		
002211	DEMO TEACHER-CONTINUING	DEMO TEACHER-CONTINUING	Academic	Systemwide	928	T	Federation	Federation		
002220	SUPV TEACHER ED-AY	SUPV TEACHER ED-AY	Academic	Systemwide	357	T	Federation	Federation	3	
002221	SUPV TEACHER ED-AY-CONTINUING	SUPV TEACHER ED-AY-CONTINUING	Academic	Systemwide	357	T	Federation	Federation	1	
002222	SUPV TEACHER ED-FY	SUPV TEACHER ED-FY	Academic	Systemwide	357	T	Federation	Federation		
002223	SUPV TEACHER ED-FY-CONTINUING	SUPV TEACHER ED-FY-CONTINUING	Academic	Systemwide	357	T	Federation	Federation		
002240	COORD FLD WK-AY	COORD FLD WK-AY	Academic	Systemwide	357	T	No			
002241	COORD FLD WK-AY-CONTINUING	COORD FLD WK-AY-CONTINUING	Academic	Systemwide	357	T	No			
002245	COORD FLD WK-FY	COORD FLD WK-FY	Academic	Systemwide	357	T	No			
002246	COORD FLD WK-FY-CONTINUING	COORD FLD WK-FY-CONTINUING	Academic	Systemwide	357	T	No			
002250	FLD WK SUPV-AY	FLD WK SUPV-AY	Academic	Systemwide	357	T	No			
002251	FLD WK SUPV-AY-CONTINUING	FLD WK SUPV-AY-CONTINUING	Academic	Systemwide	357	T	No			
002255	FLD WK SUPV-FY	FLD WK SUPV-FY	Academic	Systemwide	357	T	No			
002256	FLD WK SUPV-FY-CONTINUING	FLD WK SUPV-FY-CONTINUING	Academic	Systemwide	357	T	No			
002260	FLD WK CONSULT-AY	FLD WK CONSULT-AY	Academic	Systemwide	357	T	No			
002261	FLD WK CONSULT-AY-CONTINUING	FLD WK CONSULT-AY-CONTINUING	Academic	Systemwide	357	T	No			
002265	FLD WK CONSULT-FY	FLD WK CONSULT-FY	Academic	Systemwide	357	T	No			
002266	FLD WK CONSULT-FY-CONTINUING	FLD WK CONSULT-FY-CONTINUING	Academic	Systemwide	357	T	No			
002270	REMD TUT I-NON GSHIP/NON REP	REMD TUT I-NON GSHIP/NON REP	Academic	Systemwide	456	T	No			
002271	REMD TUT I-GSHIP/NON REP	REMD TUT I-GSHIP/NON REP	Academic	Systemwide	456	T	No			
002272	REMD TUT II NON-GSHIP/NON REP	REMD TUT II NON-GSHIP/NON REP	Academic	Systemwide	456	T	No			
002273	REMD TUT II-GSHIP/NON REP	REMD TUT II-GSHIP/NON REP	Academic	Systemwide	456	T	No			
002280	REMD TUT I-NON GSHIP	REMD TUT I-NON GSHIP	Academic	Systemwide	456	T	No			
002284	CHILD DEV DEMO LECT-CONTINUING	CHILD DEV DEMO LECT-CONTINUING	Academic	Systemwide	928	T	Federation	Federation		
002285	CHILD DEV DEMO LECT	CHILD DEV DEMO LECT	Academic	Systemwide	928	T	Federation	Federation		
002286	NURSERY SCHOOL ASST-GSHIP	NURSERY SCHOOL ASST-GSHIP	Academic	Systemwide	426	T	No			
002287	NURSERY SCHOOL ASST-NON GSHIP	NURSERY SCHOOL ASST-NON GSHIP	Academic	Systemwide	426	T	No			
002288	REMD TUT I-GSHIP	REMD TUT I-GSHIP	Academic	Systemwide	456	T	No			
002289	REMD TUT II-GSHIP	REMD TUT II-GSHIP	Academic	Systemwide	456	T	No			
002290	REMD TUT II-NON GSHIP	REMD TUT II-NON GSHIP	Academic	Systemwide	456	T	No			
002300	TEACHG FELLOW-GSHIP	TEACHG FELLOW-GSHIP	Academic	Systemwide	426	T	No			
002301	TEACHG FELLOW-NON GSHIP	TEACHG FELLOW-NON GSHIP	Academic	Systemwide	426	T	No			
002302	TEACHG FELLOW-GSHIP/NON REP	TEACHG FELLOW-GSHIP/NON REP	Academic	Systemwide	426	T	No			
002303	TEACHG FELLOW-NON GSHIP/NONREP	TEACHG FELLOW-NON GSHIP/NONREP	Academic	Systemwide	426	T	No			
002305	COMM TEACHG FELLOW-GSHIP	COMM TEACHG FELLOW-GSHIP	Academic	Systemwide	456	T	No			
002306	COMM TEACHG FELLOW-NON GSHIP	COMM TEACHG FELLOW-NON GSHIP	Academic	Systemwide	456	T	No			
002310	TEACHG ASST-GSHIP	TEACHG ASST-GSHIP	Academic	Systemwide	426	T	No		1	
002311	TEACHG ASST-NON GSHIP	TEACHG ASST-NON GSHIP	Academic	Systemwide	426	T	No			
002312	TEACHG ASST-GSHIP/NON REP	TEACHG ASST-GSHIP/NON REP	Academic	Systemwide	426	T	No			
002313	TEACHG ASST-NON GSHIP/NON REP	TEACHG ASST-NON GSHIP/NON REP	Academic	Systemwide	426	T	No			
002320	TEACHG ASST-1/10-GSHIP	TEACHG ASST-1/10-GSHIP	Academic	Systemwide	426	T	No			
002321	TEACHG ASST-1/10-NON GSHIP	TEACHG ASST-1/10-NON GSHIP	Academic	Systemwide	426	F	No			
002382	K-12 ASST-NON GSHIP/NONREP	K-12 ASST-NON GSHIP/NONREP	Academic	Systemwide	456	T	UNK			
002427	SUBSTITUTE TEACHER	SUBSTITUTE TEACHER	Academic	Systemwide	928	T	No			
002428	SUBSTITUTE TEACHER-CONTINUING	SUBSTITUTE TEACHER-CONTINUING	Academic	Systemwide	928	T	No			
002440	K-12 INSTRUCTOR-AY	K-12 INSTRUCTOR-AY	Academic	Systemwide	928	T	No			
002441	K-12 INSTRUCTOR-AY-1/10	K-12 INSTRUCTOR-AY-1/10	Academic	Systemwide	928	F	No			
002442	K-12 DAILY SUBSTITUTE/NONREP	K-12 DAILY SUBSTITUTE/NONREP	Academic	Systemwide	928	T	UNK			
002460	TEACHER-SPEC PROG	TEACHER-SPEC PROG	Academic	Systemwide	928	T	No			
002461	TEACHER-SPEC PROG-CONTINUING	TEACHER-SPEC PROG-CONTINUING	Academic	Systemwide	928	T	No			
002500	READER-NON STDNT	READER-NON STDNT	Academic	Systemwide	928	T	No			
002510	TUT-NON STDNT	TUT-NON STDNT	Academic	Systemwide	928	T	No			
002520	READER-NON STDNT/NON REP	READER-NON STDNT/NON REP	Academic	Systemwide	928	T	No			
002521	TUT-NON STDNT/NON REP	TUT-NON STDNT/NON REP	Academic	Systemwide	928	T	No			
002550	ACT INSTR-GRAD STDNT-GSHIP	ACT INSTR-GRAD STDNT-GSHIP	Academic	Systemwide	456	T	No			
002551	ACT INSTR-GRAD STDNT-NON-GSHIP	ACT INSTR-GRAD STDNT-NON-GSHIP	Academic	Systemwide	456	T	No			
002600	MILITARY/AIR SCI&TACTICS ASST	MILITARY/AIR SCI&TACTICS ASST	Academic	Systemwide	928	T	No			
002650	TEACHER-LHS	TEACHER-LHS	Academic	Systemwide	928	T	No			
002651	TEACHER-LHS-CONTINUING	TEACHER-LHS-CONTINUING	Academic	Systemwide	928	T	No			
002708	RESID PHYS I/NON REP	RESID PHYS I/NON REP	Academic	Systemwide	446	T	No			
002709	RESID PHYS I/REP	RESID PHYS I/REP	Academic	Systemwide	446	T	No			
002714	INTERN-VET MED/NON REP	INTERN-VET MED/NON REP	Academic	Systemwide	446	T	No			
002715	INTERN-CLINICAL PSYCHOLOGY	INTERN-CLINICAL PSYCHOLOGY	Academic	Systemwide	446	T	No			
002716	INTERN-CLIN PSYCH-GENL CAMP	INTERN-CLIN PSYCH-GENL CAMP	Academic	Systemwide	928	T	No			
002723	RESID PHYS II-VIII/REP	RESID PHYS II-VIII/REP	Academic	Systemwide	446	T	No			
002724	RESID PHYS II-VIII/NON REP	RESID PHYS II-VIII/NON REP	Academic	Systemwide	446	T	No		1	
002725	CHIEF RESID PHYS-NON REP	CHIEF RESID PHYS-NON REP	Academic	Systemwide	446	T	No			
002726	RESID PHYS/SUBSPEC 4-8/NON REP	RESID PHYS/SUBSPEC 4-8/NON REP	Academic	Systemwide	446	T	No			
002727	POST DDS I-VI/NON REP	POST DDS I-VI/NON REP	Academic	Systemwide	446	T	No			
002728	PGY I PHARMACY RESID/NON REP	PGY I PHARMACY RESID/NON REP	Academic	Systemwide	446	T	No			
002729	PGY II PHARMACY RESID/NON REP	PGY II PHARMACY RESID/NON REP	Academic	Systemwide	446	T	No			
002730	RESID-VET MED/NON REP	RESID-VET MED/NON REP	Academic	Systemwide	446	T	No			
002732	OTH POST-MD TRAIN 2-8/NON REP	OTH POST-MD TRAIN 2-8/NON REP	Academic	Systemwide	446	T	No		1	
002733	OTH POST-MD TRAIN 2-8/REP	OTH POST-MD TRAIN 2-8/REP	Academic	Systemwide	446	T	UNK			
002735	STIPEND-OTH POST-MD TRAIN	STIPEND-OTH POST-MD TRAIN	Academic	Systemwide	999	T	No			
002736	RESID PHYS/SUBSPEC 4-8/REP	RESID PHYS/SUBSPEC 4-8/REP	Academic	Systemwide	446	T	UNK			
002737	OTH POST DDS/NON REP	OTH POST DDS/NON REP	Academic	Systemwide	446	T	No			
002738	CHIEF RESID PHYS-REP	CHIEF RESID PHYS-REP	Academic	Systemwide	446	T	No			
002740	NON-PHYS CLIN TRAIN	NON-PHYS CLIN TRAIN	Academic	Systemwide	446	T	No			
002741	NON-PHYS CLIN TRAIN-GENL CAMP	NON-PHYS CLIN TRAIN-GENL CAMP	Academic	Systemwide	928	F	No		3	
002743	RESID PHYS I/REP-OV	RESID PHYS I/REP-OV	Academic	Systemwide	446	F	UNK			
002744	RESID PHYS II-VIII/REP-OV	RESID PHYS II-VIII/REP-OV	Academic	Systemwide	446	F	UNK			
002745	CHIEF RESID PHYS-REP-OV	CHIEF RESID PHYS-REP-OV	Academic	Systemwide	446	F	UNK			
002746	RESID PHYS/SUBSPEC 4-8/REP-OV	RESID PHYS/SUBSPEC 4-8/REP-OV	Academic	Systemwide	446	F	UNK			
002747	OTH POST-MD TRAIN 2-8/REP-OV	OTH POST-MD TRAIN 2-8/REP-OV	Academic	Systemwide	446	F	UNK			
002749	RESID PHYS/SUBSPEC/T32/NON REP	RESID PHYS/SUBSPEC/T32/NON REP	Academic	Systemwide	446	F	UNK			
002750	RESID PHYS/SUBSPEC/T32/REP	RESID PHYS/SUBSPEC/T32/REP	Academic	Systemwide	446	F	UNK			
002753	RESID PHYS MOONLTG NON REP	RESID PHYS MOONLTG NON REP	Academic	Systemwide	446	F	UNK			
002754	RESID PHYS MOONLTG REP	RESID PHYS MOONLTG REP	Academic	Systemwide	446	F	UNK			
002757	POST DDS I-VI/REP	POST DDS I-VI/REP	Academic	Systemwide	446	F	UNK			
002758	OTH POST DDS/REP	OTH POST DDS/REP	Academic	Systemwide	446	T	UNK			
002850	READER-GSHIP	READER-GSHIP	Academic	Systemwide	456	T	No			
002851	READER-NON GSHIP	READER-NON GSHIP	Academic	Systemwide	456	T	No			
002852	SPECIAL READER-UCLA-GSHIP	SPECIAL READER-UCLA-GSHIP	Academic	Systemwide	456	T	No			
002853	SPECIAL READER-UCLA-NON GSHIP	SPECIAL READER-UCLA-NON GSHIP	Academic	Systemwide	456	T	No			
002854	READER-GSHIP/NON REP	READER-GSHIP/NON REP	Academic	Systemwide	456	T	No			
002855	READER-NON GSHIP/NON REP	READER-NON GSHIP/NON REP	Academic	Systemwide	456	T	No			
002860	TUT-GSHIP	TUT-GSHIP	Academic	Systemwide	456	T	No			
002861	TUT-NON GSHIP	TUT-NON GSHIP	Academic	Systemwide	456	T	No			
002862	TUT-GSHIP/NON REP	TUT-GSHIP/NON REP	Academic	Systemwide	456	T	No			
002863	TUT-NON GSHIP/NON REP	TUT-NON GSHIP/NON REP	Academic	Systemwide	456	T	No			
003000	AGRON AES	AGRON AES	Academic	Systemwide	530	T	Federation	Federation	4	
003001	AGRON AES-SFT-VM	AGRON AES-SFT-VM	Academic	Systemwide	530	T	Federation	Federation	2	
003004	SPECIALIST AES	SPECIALIST AES	Academic	Systemwide	557	T	Federation	Federation	1	
003007	ACT AGRON AES	ACT AGRON AES	Academic	Systemwide	534	T	Federation	Federation		
003009	ACT AGRON AES-SFT-VM	ACT AGRON AES-SFT-VM	Academic	Systemwide	534	T	Federation	Federation		
003010	ASSOC AGRON AES	ASSOC AGRON AES	Academic	Systemwide	530	T	Federation	Federation	2	
003011	ASSOC AGRON AES-SFT-VM	ASSOC AGRON AES-SFT-VM	Academic	Systemwide	530	T	Federation	Federation		
003012	AGRON AES-B/E/E	AGRON AES-B/E/E	Academic	Systemwide	530	T	Federation	Federation		
003013	ASSOC AGRON AES-B/E/E	ASSOC AGRON AES-B/E/E	Academic	Systemwide	530	T	Federation	Federation		
003014	ASSOC SPECIALIST AES	ASSOC SPECIALIST AES	Academic	Systemwide	557	T	Federation	Federation		
003015	ASST AGRON AES-B/E/E	ASST AGRON AES-B/E/E	Academic	Systemwide	531	T	Federation	Federation		
003017	ACT ASSOC AGRON AES	ACT ASSOC AGRON AES	Academic	Systemwide	534	T	Federation	Federation		
003019	ACT ASSOC AGRON AES-SFT-VM	ACT ASSOC AGRON AES-SFT-VM	Academic	Systemwide	534	T	Federation	Federation		
003020	ASST AGRON AES	ASST AGRON AES	Academic	Systemwide	531	T	Federation	Federation		
003021	ASST AGRON AES-SFT-VM	ASST AGRON AES-SFT-VM	Academic	Systemwide	531	T	Federation	Federation		
003024	ASST SPECIALIST AES	ASST SPECIALIST AES	Academic	Systemwide	557	T	Federation	Federation		
003027	ACT ASST AGRON AES	ACT ASST AGRON AES	Academic	Systemwide	534	T	Federation	Federation		
003029	ACT ASST AGRON AES-SFT-VM	ACT ASST AGRON AES-SFT-VM	Academic	Systemwide	534	T	Federation	Federation		
003044	ACT AGRON AES-B/E/E	ACT AGRON AES-B/E/E	Academic	Systemwide	534	T	Federation	Federation		
003045	ACT ASSOC AGRON AES-B/E/E	ACT ASSOC AGRON AES-B/E/E	Academic	Systemwide	534	T	Federation	Federation		
003046	ACT ASST AGRON AES-B/E/E	ACT ASST AGRON AES-B/E/E	Academic	Systemwide	534	T	Federation	Federation		
003060	AGRON AES-AY	AGRON AES-AY	Academic	Systemwide	530	T	Federation	Federation		
003062	AGRON AES-B/E/E-AY	AGRON AES-B/E/E-AY	Academic	Systemwide	530	T	Federation	Federation		
003064	ACT AGRON AES-AY	ACT AGRON AES-AY	Academic	Systemwide	534	T	Federation	Federation		
003066	ACT AGRON AES-B/E/E-AY	ACT AGRON AES-B/E/E-AY	Academic	Systemwide	534	T	Federation	Federation		
003070	ASSOC AGRON AES-AY	ASSOC AGRON AES-AY	Academic	Systemwide	530	T	Federation	Federation		
003072	ASSOC AGRON AES-AY-B/E/E	ASSOC AGRON AES-AY-B/E/E	Academic	Systemwide	530	T	Federation	Federation	1	
003074	ACT ASSOC AGRON AES-AY	ACT ASSOC AGRON AES-AY	Academic	Systemwide	534	T	Federation	Federation		
003076	ACT ASSOC AGRON AES-B/E/E-AY	ACT ASSOC AGRON AES-B/E/E-AY	Academic	Systemwide	534	T	Federation	Federation		
003080	ASST AGRON AES-AY	ASST AGRON AES-AY	Academic	Systemwide	531	T	Federation	Federation		
003082	ASST AGRON AES-AY-B/E/E	ASST AGRON AES-AY-B/E/E	Academic	Systemwide	531	T	Federation	Federation	1	
003084	ACT ASST AGRON AES-AY	ACT ASST AGRON AES-AY	Academic	Systemwide	534	T	Federation	Federation		
003086	ACT ASST AGRON AES-B/E/E/-AY	ACT ASST AGRON AES-B/E/E/-AY	Academic	Systemwide	534	T	Federation	Federation		
003100	ASTRONOMER	ASTRONOMER	Academic	Systemwide	520	T	No			
003104	SPECIALIST AES NEX	SPECIALIST AES NEX	Academic	Systemwide	557	T	Federation	Federation		
003110	ASSOC ASTRONOMER	ASSOC ASTRONOMER	Academic	Systemwide	520	T	No			
003114	ASSOC SPECIALIST AES NEX	ASSOC SPECIALIST AES NEX	Academic	Systemwide	557	T	Federation	Federation		
003124	ASST SPECIALIST AES NEX	ASST SPECIALIST AES NEX	Academic	Systemwide	557	T	Federation	Federation		
003170	RES-FY NEX	RES-FY NEX	Academic	Systemwide	541	F	Federation	Federation	1	
003173	RES-AY NEX	RES-AY NEX	Academic	Systemwide	541	F	UNK	Federation		
003175	RES-AY-1/9 NEX	RES-AY-1/9 NEX	Academic	Systemwide	541	T	UNK	Federation		
003176	RES-SFT NEX	RES-SFT NEX	Academic	Systemwide	541	T	Federation	Federation		
003178	VIS RES NEX	VIS RES NEX	Academic	Systemwide	543	T	No			
003180	ASSOC RES-FY NEX	ASSOC RES-FY NEX	Academic	Systemwide	541	F	Federation	Federation		
003183	ASSOC RES-AY NEX	ASSOC RES-AY NEX	Academic	Systemwide	541	F	UNK	Federation		
003185	ASSOC RES-AY-1/9 NEX	ASSOC RES-AY-1/9 NEX	Academic	Systemwide	541	T	UNK	Federation		
003186	ASSOC RES-SFT NEX	ASSOC RES-SFT NEX	Academic	Systemwide	541	T	Federation	Federation		
003188	VIS ASSOC RES NEX	VIS ASSOC RES NEX	Academic	Systemwide	543	T	No			
003190	ASST RES-FY NEX	ASST RES-FY NEX	Academic	Systemwide	541	F	Federation	Federation	1	
003193	ASST RES-AY NEX	ASST RES-AY NEX	Academic	Systemwide	541	F	UNK	Federation		
003195	ASST RES-AY-1/9 NEX	ASST RES-AY-1/9 NEX	Academic	Systemwide	541	T	UNK	Federation		
003196	ASST RES-SFT NEX	ASST RES-SFT NEX	Academic	Systemwide	541	T	Federation	Federation		
003198	VIS ASST RES NEX	VIS ASST RES NEX	Academic	Systemwide	543	T	No			
003200	RES-FY	RES-FY	Academic	Systemwide	541	T	Federation	Federation	18	
003201	RES-LR SCL-FY	RES-LR SCL-FY	Academic	Systemwide	541	T	Federation	Federation		
003202	RES (WOS)	RES (WOS)	Academic	Systemwide	541	T	Federation	Federation	1	
003203	RES-LR SCL-AY	RES-LR SCL-AY	Academic	Systemwide	541	T	Federation	Federation		
003205	RES-LR SCL-AY-1/9	RES-LR SCL-AY-1/9	Academic	Systemwide	541	T	Federation	Federation		
003206	RES-SFT	RES-SFT	Academic	Systemwide	541	T	Federation	Federation		
003207	RES-FY-NON REP	RES-FY-NON REP	Academic	Systemwide	541	T	No		5	
003208	VIS RES	VIS RES	Academic	Systemwide	543	T	No		1	
003210	ASSOC RES-FY	ASSOC RES-FY	Academic	Systemwide	541	T	Federation	Federation	15	
003211	ASSOC RES-LR SCL-FY	ASSOC RES-LR SCL-FY	Academic	Systemwide	541	T	No			
003212	ASSOC RES (WOS)	ASSOC RES (WOS)	Academic	Systemwide	541	T	UNK	Federation	1	
003213	ASSOC RES-LR SCL-AY	ASSOC RES-LR SCL-AY	Academic	Systemwide	541	T	Federation	Federation		
003215	ASSOC RES-LR SCL-AY-1/9	ASSOC RES-LR SCL-AY-1/9	Academic	Systemwide	541	T	Federation	Federation		
003216	ASSOC RES-SFT	ASSOC RES-SFT	Academic	Systemwide	541	T	Federation	Federation		
003217	ASSOC RES-FY-NON REP	ASSOC RES-FY-NON REP	Academic	Systemwide	541	T	No		1	
003218	VIS ASSOC RES	VIS ASSOC RES	Academic	Systemwide	543	T	No			
003220	ASST RES-FY	ASST RES-FY	Academic	Systemwide	541	T	Federation	Federation	22	
003221	ASST RES-LR SCL-FY	ASST RES-LR SCL-FY	Academic	Systemwide	541	T	UNK	Federation		
003222	ASST RES (WOS)	ASST RES (WOS)	Academic	Systemwide	541	T	UNK	Federation		
003223	ASST RES-LR SCL-AY	ASST RES-LR SCL-AY	Academic	Systemwide	541	T	Federation	Federation		
003225	ASST RES-LR SCL-AY-1/9	ASST RES-LR SCL-AY-1/9	Academic	Systemwide	541	T	Federation	Federation		
003226	ASST RES-SFT	ASST RES-SFT	Academic	Systemwide	541	T	Federation	Federation		
003227	ASST RES-FY-NON REP	ASST RES-FY-NON REP	Academic	Systemwide	541	T	No		2	
003228	VIS ASST RES	VIS ASST RES	Academic	Systemwide	543	T	No		5	
003230	FLD PROG SUPV	FLD PROG SUPV	Academic	Systemwide	927	T	No			
003234	ASSOC FLD PROG SUPV	ASSOC FLD PROG SUPV	Academic	Systemwide	927	T	No			
003237	FACULTY FELLOW RES-AY	FACULTY FELLOW RES-AY	Academic	Systemwide	577	T	No			
003238	FACULTY FELLOW RES-AY-1/9	FACULTY FELLOW RES-AY-1/9	Academic	Systemwide	577	T	No			
003249	SENATE EMERITUS (WOS)	SENATE EMERITUS (WOS)	Academic	Systemwide	316	T	No		31	
003250	PROF IN RES-AY	PROF IN RES-AY	Academic	Systemwide	311	T	Senate			
003251	PROF IN RES-FY	PROF IN RES-FY	Academic	Systemwide	311	T	Senate		2	
003252	POSTDOC-EMPLOYEE	POSTDOC-EMPLOYEE	Academic	Systemwide	575	T	No		13	
003253	POSTDOC-FELLOW	POSTDOC-FELLOW	Academic	Systemwide	575	T	No			
003254	POSTDOC-PAID DIRECT	POSTDOC-PAID DIRECT	Academic	Systemwide	575	T	No		1	
003255	POSTDOC-EMPLOYEE NEX	POSTDOC-EMPLOYEE NEX	Academic	Local	575	T	No			
003256	INTRM POSTDOC SCHOLAR-EMPLOYEE	INTRM POSTDOC SCHOLAR-EMPLOYEE	Academic	Local	575	T	No			
003258	ADJ PROF-AY	ADJ PROF-AY	Academic	Systemwide	335	T	Federation	Federation	9	
003259	ADJ PROF-FY	ADJ PROF-FY	Academic	Systemwide	335	T	Federation	Federation	23	
003260	ASSOC PROF IN RES-AY	ASSOC PROF IN RES-AY	Academic	Systemwide	311	T	Senate		1	
003261	ASSOC PROF IN RES-FY	ASSOC PROF IN RES-FY	Academic	Systemwide	311	T	Senate			
003262	GSR-TUIT & FEE REM-UCSD-GRP E	GSR-TUIT & FEE REM-UCSD-GRP E	Academic	Systemwide	436	T	No			
003263	GSR-TUIT & FEE REM-UCSD-GRP F	GSR-TUIT & FEE REM-UCSD-GRP F	Academic	Systemwide	436	T	No			
003264	GSR-TUIT & FEE REM-UCSD-GRP G	GSR-TUIT & FEE REM-UCSD-GRP G	Academic	Systemwide	436	T	No			
003266	GSR-NO REM	GSR-NO REM	Academic	Systemwide	436	T	No			
003268	ASSOC ADJ PROF-AY	ASSOC ADJ PROF-AY	Academic	Systemwide	335	T	Federation	Federation	2	
003269	ASSOC ADJ PROF-FY	ASSOC ADJ PROF-FY	Academic	Systemwide	335	T	Federation	Federation	17	
003270	ASST PROF IN RES-AY	ASST PROF IN RES-AY	Academic	Systemwide	311	T	Senate		1	
003271	ASST PROF IN RES-FY	ASST PROF IN RES-FY	Academic	Systemwide	311	T	Senate			
003273	GSAR-NON GSHIP	GSAR-NON GSHIP	Academic	Systemwide	436	T	No			
003274	GSAR-GSHIP	GSAR-GSHIP	Academic	Systemwide	436	T	No			
003276	GSR-PARTIAL FEE REM	GSR-PARTIAL FEE REM	Academic	Systemwide	436	T	No			
003278	ASST ADJ PROF-AY	ASST ADJ PROF-AY	Academic	Systemwide	335	T	Federation	Federation	9	
003279	ASST ADJ PROF-FY	ASST ADJ PROF-FY	Academic	Systemwide	335	T	Federation	Federation	11	
003282	GSR-FULL FEE REM	GSR-FULL FEE REM	Academic	Systemwide	436	T	No		1	
003283	GSR-FULL TUIT&PARTIAL FEE REM	GSR-FULL TUIT&PARTIAL FEE REM	Academic	Systemwide	436	T	No			
003284	GSR-TUIT & FEE REM	GSR-TUIT & FEE REM	Academic	Systemwide	436	T	No			
003285	GSR-TUIT & FEE REM-UCSD-GRP B	GSR-TUIT & FEE REM-UCSD-GRP B	Academic	Systemwide	436	T	No			
003286	GSR-TUIT & FEE REM-UCSD-GRP C	GSR-TUIT & FEE REM-UCSD-GRP C	Academic	Systemwide	436	T	No			
003287	GSR-TUIT & FEE REM-UCSD-GRP D	GSR-TUIT & FEE REM-UCSD-GRP D	Academic	Systemwide	436	T	No			
003288	ADJ INSTR-AY	ADJ INSTR-AY	Academic	Systemwide	335	T	Federation	Federation		
003289	ADJ INSTR-FY	ADJ INSTR-FY	Academic	Systemwide	335	T	Federation	Federation		
003290	RES PROF-MILLER INST-AY	RES PROF-MILLER INST-AY	Academic	Systemwide	566	T	No			
003291	RES PROF-MILLER INST-FY	RES PROF-MILLER INST-FY	Academic	Systemwide	566	T	No			
003292	ASSOC RES PROF-MILLER INST-AY	ASSOC RES PROF-MILLER INST-AY	Academic	Systemwide	566	T	No			
003293	ASSOC RES PROF-MILLER INST-FY	ASSOC RES PROF-MILLER INST-FY	Academic	Systemwide	566	T	No			
003296	RES FELLOW (WOS)	RES FELLOW (WOS)	Academic	Systemwide	566	T	No			
003297	CHI GREEN SCHOLAR-UCSD	CHI GREEN SCHOLAR-UCSD	Academic	Systemwide	566	T	No			
003298	RES ASSOC(WOS)	RES ASSOC(WOS)	Academic	Systemwide	566	T	No			
003299	VIS SCHOLAR (WOS)	VIS SCHOLAR (WOS)	Academic	Systemwide	928	T	No			
003300	SPECIALIST	SPECIALIST	Academic	Systemwide	551	T	Federation	Federation	20	
003301	SPECIALIST NEX	SPECIALIST NEX	Academic	Systemwide	551	T	Federation	Federation		
003302	SPECIALIST (WOS)	SPECIALIST (WOS)	Academic	Systemwide	551	T	UNK			
003303	SPECIALIST NON REP	SPECIALIST NON REP	Academic	Systemwide	551	T	No			
003304	SPECIALIST NEX NON REP	SPECIALIST NEX NON REP	Academic	Systemwide	551	T	No			
003305	VIS SPECIALIST	VIS SPECIALIST	Academic	Systemwide	553	T	No			
003306	VIS SPECIALIST NEX	VIS SPECIALIST NEX	Academic	Systemwide	553	T	No			
003310	ASSOC SPECIALIST	ASSOC SPECIALIST	Academic	Systemwide	551	T	Federation	Federation	24	
003311	ASSOC SPECIALIST NEX	ASSOC SPECIALIST NEX	Academic	Systemwide	551	T	Federation	Federation	2	
003312	ASSOC SPECIALIST (WOS)	ASSOC SPECIALIST (WOS)	Academic	Systemwide	551	T	UNK			
003313	ASSOC SPECIALIST NON REP	ASSOC SPECIALIST NON REP	Academic	Systemwide	551	T	No			
003314	ASSOC SPECIALIST NEX NON REP	ASSOC SPECIALIST NEX NON REP	Academic	Systemwide	551	T	UNK			
003315	VIS ASSOC SPECIALIST	VIS ASSOC SPECIALIST	Academic	Systemwide	553	T	UNK			
003316	VIS ASSOC SPECIALIST NEX	VIS ASSOC SPECIALIST NEX	Academic	Systemwide	553	T	UNK			
003320	ASST SPECIALIST	ASST SPECIALIST	Academic	Systemwide	551	T	Federation	Federation	19	
003321	ASST SPECIALIST NEX	ASST SPECIALIST NEX	Academic	Systemwide	551	T	Federation	Federation	5	
003322	ASST SPECIALIST (WOS)	ASST SPECIALIST (WOS)	Academic	Systemwide	551	T	UNK			
003323	ASST SPECIALIST NON REP	ASST SPECIALIST NON REP	Academic	Systemwide	551	T	No			
003324	ASST SPECIALIST NEX NON REP	ASST SPECIALIST NEX NON REP	Academic	Systemwide	551	T	No			
003325	VIS ASST SPECIALIST	VIS ASST SPECIALIST	Academic	Systemwide	553	T	No			
003326	VIS ASST SPECIALIST NEX	VIS ASST SPECIALIST NEX	Academic	Systemwide	553	T	No			
003328	JR SPECIALIST (WOS)	JR SPECIALIST (WOS)	Academic	Systemwide	551	T	No			
003329	JR SPECIALIST NEX	JR SPECIALIST NEX	Academic	Systemwide	551	T	No			
003330	JR SPECIALIST	JR SPECIALIST	Academic	Systemwide	551	T	No		1	
003333	JR SPECIALIST NON REP	JR SPECIALIST NON REP	Academic	Systemwide	551	T	No			
003334	JR SPECIALIST NEX NON REP	JR SPECIALIST NEX NON REP	Academic	Systemwide	551	T	No			
003335	VIS JR SPECIALIST	VIS JR SPECIALIST	Academic	Systemwide	553	T	No			
003336	VIS JR SPECIALIST NEX	VIS JR SPECIALIST NEX	Academic	Systemwide	553	T	No			
003345	PROF IN RES-AY-1/10-B/E/E	PROF IN RES-AY-1/10-B/E/E	Academic	Systemwide	311	T	Senate			
003346	ASSOC PROF IN RES-AY-1/10-BEE	ASSOC PROF IN RES-AY-1/10-BEE	Academic	Systemwide	311	T	Senate			
003347	ASST PROF IN RES-AY-1/10-B/E/E	ASST PROF IN RES-AY-1/10-B/E/E	Academic	Systemwide	311	T	Senate			
003351	ASST PROF IN RES-AY-1/9	ASST PROF IN RES-AY-1/9	Academic	Systemwide	311	T	Senate			
003352	ASSOC PROF IN RES-AY-1/9	ASSOC PROF IN RES-AY-1/9	Academic	Systemwide	311	T	Senate			
003353	PROF IN RES-AY-1/9	PROF IN RES-AY-1/9	Academic	Systemwide	311	T	Senate			
003361	ASST ADJ PROF-AY-1/9	ASST ADJ PROF-AY-1/9	Academic	Systemwide	335	T	Federation	Federation	1	
003362	ASSOC ADJ PROF-AY-1/9	ASSOC ADJ PROF-AY-1/9	Academic	Systemwide	335	T	Federation	Federation		
003363	ADJ PROF-AY-1/9	ADJ PROF-AY-1/9	Academic	Systemwide	335	T	Federation	Federation		
003365	ASST ADJ PROF-AY-1/10	ASST ADJ PROF-AY-1/10	Academic	Systemwide	335	T	Federation	Federation		
003366	ASSOC ADJ PROF-AY-1/10	ASSOC ADJ PROF-AY-1/10	Academic	Systemwide	335	T	Federation	Federation		
003367	ADJ PROF-AY-1/10	ADJ PROF-AY-1/10	Academic	Systemwide	335	T	Federation	Federation		
003368	ASST ADJ PROF-AY-1/10-BEE	ASST ADJ PROF-AY-1/10-BEE	Academic	Systemwide	335	T	Federation	Federation		
003369	ASSOC ADJ PROF-AY-1/10-BEE	ASSOC ADJ PROF-AY-1/10-BEE	Academic	Systemwide	335	T	Federation	Federation		
003371	ASST ADJ PROF-AY-B/E/E	ASST ADJ PROF-AY-B/E/E	Academic	Systemwide	335	T	Federation	Federation	4	
003372	ASST ADJ PROF-FY-B/E/E	ASST ADJ PROF-FY-B/E/E	Academic	Systemwide	335	T	Federation	Federation	1	
003373	ASST ADJ PROF-AY-1/9-B/E/E	ASST ADJ PROF-AY-1/9-B/E/E	Academic	Systemwide	335	T	Federation	Federation		
003374	ASSOC ADJ PROF-AY-B/E/E	ASSOC ADJ PROF-AY-B/E/E	Academic	Systemwide	335	T	Federation	Federation	4	
003375	ASSOC ADJ PROF-FY-B/E/E	ASSOC ADJ PROF-FY-B/E/E	Academic	Systemwide	335	T	Federation	Federation	1	
003376	ASSOC ADJ PROF-AY-1/9-B/E/E	ASSOC ADJ PROF-AY-1/9-B/E/E	Academic	Systemwide	335	T	Federation	Federation		
003377	ADJ PROF-AY-B/E/E	ADJ PROF-AY-B/E/E	Academic	Systemwide	335	T	Federation	Federation	13	
003378	ADJ PROF-FY-B/E/E	ADJ PROF-FY-B/E/E	Academic	Systemwide	335	T	Federation	Federation	5	
003379	ADJ PROF-AY-1/9-B/E/E	ADJ PROF-AY-1/9-B/E/E	Academic	Systemwide	335	T	Federation	Federation		
003380	ADJ PROF-AY-1/10-BEE	ADJ PROF-AY-1/10-BEE	Academic	Systemwide	335	T	Federation	Federation		
003381	PROF IN RES-AY-B/E/E	PROF IN RES-AY-B/E/E	Academic	Systemwide	311	T	Senate			
003382	PROF IN RES-FY-B/E/E	PROF IN RES-FY-B/E/E	Academic	Systemwide	311	T	Senate			
003383	PROF IN RES-AY-1/9-B/E/E	PROF IN RES-AY-1/9-B/E/E	Academic	Systemwide	311	T	Senate			
003384	ASSOC PROF IN RES-AY-B/E/E	ASSOC PROF IN RES-AY-B/E/E	Academic	Systemwide	311	T	Senate			
003385	ASSOC PROF IN RES-FY-B/E/E	ASSOC PROF IN RES-FY-B/E/E	Academic	Systemwide	311	T	Senate			
003386	ASSOC PROF IN RES-AY-1/9-B/E/E	ASSOC PROF IN RES-AY-1/9-B/E/E	Academic	Systemwide	311	T	Senate			
003387	ASST PROF IN RES-AY-B/E/E	ASST PROF IN RES-AY-B/E/E	Academic	Systemwide	311	T	Senate			
003388	ASST PROF IN RES-FY-B/E/E	ASST PROF IN RES-FY-B/E/E	Academic	Systemwide	311	T	Senate			
003389	ASST PROF IN RES-AY-1/9-B/E/E	ASST PROF IN RES-AY-1/9-B/E/E	Academic	Systemwide	311	T	Senate			
003390	PROJ SCIENTIST-FY	PROJ SCIENTIST-FY	Academic	Systemwide	581	T	Federation	Federation	22	
003391	PROJ SCIENTIST-FY-B/E/E	PROJ SCIENTIST-FY-B/E/E	Academic	Systemwide	581	T	Federation	Federation	4	
003392	ASSOC PROJ SCIENTIST-FY	ASSOC PROJ SCIENTIST-FY	Academic	Systemwide	581	T	Federation	Federation	49	
003393	ASSOC PROJ SCIENTIST-FY-B/E/E	ASSOC PROJ SCIENTIST-FY-B/E/E	Academic	Systemwide	581	T	Federation	Federation	4	
003394	ASST PROJ SCIENTIST-FY	ASST PROJ SCIENTIST-FY	Academic	Systemwide	581	T	Federation	Federation	81	
003395	ASST PROJ SCIENTIST-FY-B/E/E	ASST PROJ SCIENTIST-FY-B/E/E	Academic	Systemwide	581	T	Federation	Federation	15	
003396	VIS PROJ SCIENTIST	VIS PROJ SCIENTIST	Academic	Systemwide	583	T	No			
003397	VIS ASSOC PROJ SCIENTIST	VIS ASSOC PROJ SCIENTIST	Academic	Systemwide	583	T	No			
003398	VIS ASST PROJ SCIENTIST	VIS ASST PROJ SCIENTIST	Academic	Systemwide	583	T	No			
003403	PROJ SCIENTIST-FY NON REP	PROJ SCIENTIST-FY NON REP	Academic	Systemwide	581	T	No		1	
003404	PROJ SCI-FY-B/E/E NON REP	PROJ SCI-FY-B/E/E NON REP	Academic	Systemwide	581	T	No			
003405	ASSOC PROJ SCI-FY NON REP	ASSOC PROJ SCI-FY NON REP	Academic	Systemwide	581	T	No			
003406	ASSOC PROJ SCI-FY-B/E/E NONREP	ASSOC PROJ SCI-FY-B/E/E NONREP	Academic	Systemwide	581	T	No			
003407	ASST PROJ SCI-FY NON REP	ASST PROJ SCI-FY NON REP	Academic	Systemwide	581	T	No			
003408	ASST PROJ SCI-FY-B/E/E NON REP	ASST PROJ SCI-FY-B/E/E NON REP	Academic	Systemwide	581	T	No			
003441	COOP EXT ADVISOR	COOP EXT ADVISOR	Academic	Systemwide	728	T	No			
003442	COOP EXT ADVISOR NEX	COOP EXT ADVISOR NEX	Academic	Systemwide	728	T	No			
003451	ASSOC COOP EXT ADVISOR	ASSOC COOP EXT ADVISOR	Academic	Systemwide	728	T	No			
003452	ASSOC COOP EXT ADVISOR NEX	ASSOC COOP EXT ADVISOR NEX	Academic	Systemwide	728	T	No			
003461	ASST COOP EXT ADVISOR	ASST COOP EXT ADVISOR	Academic	Systemwide	728	T	No			
003462	ASST COOP EXT ADVISOR NEX	ASST COOP EXT ADVISOR NEX	Academic	Systemwide	728	T	No			
003475	ASST SPECIALIST COOP EXT	ASST SPECIALIST COOP EXT	Academic	Systemwide	729	T	Federation	Federation	26	
003476	ASST SPECIALIST COOP EXT NEX	ASST SPECIALIST COOP EXT NEX	Academic	Systemwide	729	T	Federation	Federation		
003477	ASSOC SPECIALIST COOP EXT	ASSOC SPECIALIST COOP EXT	Academic	Systemwide	729	T	Federation	Federation	13	
003478	ASSOC SPECIALIST COOP EXT NEX	ASSOC SPECIALIST COOP EXT NEX	Academic	Systemwide	729	T	Federation	Federation		
003479	SPECIALIST COOP EXT	SPECIALIST COOP EXT	Academic	Systemwide	729	T	Federation	Federation	29	
003480	SPECIALIST COOP EXT NEX	SPECIALIST COOP EXT NEX	Academic	Systemwide	729	T	Federation	Federation		
003487	PROJ SCIENTIST (WOS)	PROJ SCIENTIST (WOS)	Academic	Systemwide	581	T	UNK	Federation	1	
003488	ASSOC PROJ SCIENTIST (WOS)	ASSOC PROJ SCIENTIST (WOS)	Academic	Systemwide	581	T	UNK	Federation		
003489	ASST PROJ SCIENTIST (WOS)	ASST PROJ SCIENTIST (WOS)	Academic	Systemwide	581	T	UNK	Federation	2	
003490	PROJ SCIENTIST-FY NEX	PROJ SCIENTIST-FY NEX	Academic	Local	581	T	Federation	Federation		
003491	PROJ SCIENTIST-FY-B/E/E NEX	PROJ SCIENTIST-FY-B/E/E NEX	Academic	Local	581	T	Federation	Federation	1	
003492	ASSOC PROJ SCIENTIST-FY NEX	ASSOC PROJ SCIENTIST-FY NEX	Academic	Local	581	T	Federation	Federation	4	
003493	ASSOC PROJ SCNTST-FY-B/E/E NEX	ASSOC PROJ SCNTST-FY-B/E/E NEX	Academic	Local	581	T	Federation	Federation	1	
003494	ASST PROJ SCIENTIST-FY NEX	ASST PROJ SCIENTIST-FY NEX	Academic	Local	581	T	Federation	Federation	4	
003495	ASST PROJ SCNTST-FY-B/E/E NEX	ASST PROJ SCNTST-FY-B/E/E NEX	Academic	Local	581	T	Federation	Federation	1	
003496	VIS PROJ SCIENTIST NEX	VIS PROJ SCIENTIST NEX	Academic	Local	583	T	No			
003497	VIS ASSOC PROJ SCIENTIST NEX	VIS ASSOC PROJ SCIENTIST NEX	Academic	Local	583	T	No			
003498	VIS ASST PROJ SCIENTIST NEX	VIS ASST PROJ SCIENTIST NEX	Academic	Local	583	T	No			
003501	COORD PUBLIC PROG VIII	COORD PUBLIC PROG VIII	Academic	Systemwide	927	T	No			
003503	COORD PUBLIC PROG VII	COORD PUBLIC PROG VII	Academic	Systemwide	927	F	No			
003505	COORD PUBLIC PROG VI	COORD PUBLIC PROG VI	Academic	Systemwide	927	F	No			
003507	COORD PUBLIC PROG V	COORD PUBLIC PROG V	Academic	Systemwide	927	F	No			
003509	COORD PUBLIC PROG IV	COORD PUBLIC PROG IV	Academic	Systemwide	927	F	No			
003511	COORD PUBLIC PROG III	COORD PUBLIC PROG III	Academic	Systemwide	927	F	No			
003513	COORD PUBLIC PROG II	COORD PUBLIC PROG II	Academic	Systemwide	927	F	No			
003515	COORD PUBLIC PROG I	COORD PUBLIC PROG I	Academic	Systemwide	927	F	No			
003520	CONTINUING EDUCATOR I	CONTINUING EDUCATOR I	Academic	Systemwide	825	F	Federation	Federation		
003521	CONTINUING EDUCATOR II	CONTINUING EDUCATOR II	Academic	Systemwide	825	F	Federation	Federation	6	
003522	CONTINUING EDUCATOR III	CONTINUING EDUCATOR III	Academic	Systemwide	825	F	Federation	Federation	4	
003530	CONTINUING EDUCATOR I NEX	CONTINUING EDUCATOR I NEX	Academic	Local	825	F	Federation	Federation		
003531	CONTINUING EDUCATOR II NEX	CONTINUING EDUCATOR II NEX	Academic	Local	825	F	Federation	Federation		
003532	CONTINUING EDUCATOR III NEX	CONTINUING EDUCATOR III NEX	Academic	Local	825	F	Federation	Federation		
003539	PROGRAM COORDINATOR NEX	PROGRAM COORDINATOR NEX	Academic	Systemwide	828	F	No			
003540	PROG COORD	PROG COORD	Academic	Systemwide	828	F	No			
003541	COORD OF PUBLIC PROG VIII NEX	COORD OF PUBLIC PROG VIII NEX	Academic	Systemwide	927	F	No			
003542	COORD PUBLIC PROG VIII NON REP	COORD PUBLIC PROG VIII NON REP	Academic	Systemwide	927	F	UNK			
003543	COORD OF PUBLIC PROG VII NEX	COORD OF PUBLIC PROG VII NEX	Academic	Systemwide	927	F	No			
003544	COORD PUBLIC PROG VII NON REP	COORD PUBLIC PROG VII NON REP	Academic	Systemwide	927	F	UNK			
003545	COORD OF PUBLIC PROG VI NEX	COORD OF PUBLIC PROG VI NEX	Academic	Systemwide	927	F	No			
003546	COORD PUBLIC PROG VI NON REP	COORD PUBLIC PROG VI NON REP	Academic	Systemwide	927	F	UNK			
003547	COORD OF PUBLIC PROG V NEX	COORD OF PUBLIC PROG V NEX	Academic	Systemwide	927	F	No			
003548	COORD PUBLIC PROG V NON REP	COORD PUBLIC PROG V NON REP	Academic	Systemwide	927	F	UNK			
003549	COORD OF PUBLIC PROG IV NEX	COORD OF PUBLIC PROG IV NEX	Academic	Systemwide	927	F	No			
003550	COORD PUBLIC PROG IV NON REP	COORD PUBLIC PROG IV NON REP	Academic	Systemwide	927	F	UNK			
003551	COORD OF PUBLIC PROG III NEX	COORD OF PUBLIC PROG III NEX	Academic	Systemwide	927	F	No			
003552	COORD PUBLIC PROG III NON REP	COORD PUBLIC PROG III NON REP	Academic	Systemwide	927	F	UNK			
003553	COORD OF PUBLIC PROG II NEX	COORD OF PUBLIC PROG II NEX	Academic	Systemwide	927	F	No			
003554	COORD PUBLIC PROG II NON REP	COORD PUBLIC PROG II NON REP	Academic	Systemwide	927	F	UNK			
003555	COORD OF PUBLIC PROG I NEX	COORD OF PUBLIC PROG I NEX	Academic	Systemwide	927	F	No			
003556	COORD PUBLIC PROG I NON REP	COORD PUBLIC PROG I NON REP	Academic	Systemwide	927	F	UNK			
003557	COORD PUB PROG NON REP	COORD PUB PROG NON REP	Academic	Systemwide	927	F	UNK			
003558	COORD PUBLIC PROG	COORD PUBLIC PROG	Academic	Systemwide	927	F	UNK			
003559	ASSOC COORD PUB PROG NON REP	ASSOC COORD PUB PROG NON REP	Academic	Systemwide	927	F	UNK			
003560	ASSOC COORD PUBLIC PROG	ASSOC COORD PUBLIC PROG	Academic	Systemwide	927	F	UNK			
003561	ASST COORD PUB PROG NON REP	ASST COORD PUB PROG NON REP	Academic	Systemwide	927	F	UNK			
003562	ASST COORD PUBLIC PROG	ASST COORD PUBLIC PROG	Academic	Systemwide	927	F	UNK			
003570	TEACHER-UNEX-CONTRACT YR	TEACHER-UNEX-CONTRACT YR	Academic	Systemwide	828	F	No		19	
003572	ASST TEACHER-UNEX	ASST TEACHER-UNEX	Academic	Systemwide	828	F	Federation	Federation		
003574	TEACHER-UNEX	TEACHER-UNEX	Academic	Systemwide	828	F	Federation		3	
003575	SPEAKER-UNEX	SPEAKER-UNEX	Academic	Systemwide	828	F	No	Federation		
003580	COURSE AUTHOR-UNEX	COURSE AUTHOR-UNEX	Academic	Systemwide	828	F	No			
003581	COURSE AUTHOR-UNEX NEX	COURSE AUTHOR-UNEX NEX	Academic	Systemwide	828	F	No			
003600	ASSOC UNIV LIBRARIAN	ASSOC UNIV LIBRARIAN	Academic	Systemwide	627	F	Federation	Federation		
003601	ASSOC UNIV LIBRARIAN NEX	ASSOC UNIV LIBRARIAN NEX	Academic	Systemwide	627	F	Federation	Federation		
003602	LIBRARIAN-CAREER NON REP	LIBRARIAN-CAREER NON REP	Academic	Systemwide	621	F	UNK	Federation	3	
003603	LIBRARIAN-POTNTLCAREER NON REP	LIBRARIAN-POTNTLCAREER NON REP	Academic	Systemwide	621	F	UNK	Federation	1	
003604	ASSOC LIBRARIAN-CAREER NON REP	ASSOC LIBRARIAN-CAREER NON REP	Academic	Systemwide	621	F	UNK	Federation		
003605	ASSOC LIBRARIAN-POTLCAR NONREP	ASSOC LIBRARIAN-POTLCAR NONREP	Academic	Systemwide	621	F	UNK	Federation	1	
003606	ASST LIBRARIAN-CAREER NON REP	ASST LIBRARIAN-CAREER NON REP	Academic	Systemwide	621	F	UNK	Federation		
003607	ASST LIBRARIAN-POTLCAR NONREP	ASST LIBRARIAN-POTLCAR NONREP	Academic	Systemwide	621	F	UNK	Federation		
003610	ASST UNIV LIBRARIAN	ASST UNIV LIBRARIAN	Academic	Systemwide	627	F	UNK	Federation		
003611	ASST UNIV LIBRARIAN NEX	ASST UNIV LIBRARIAN NEX	Academic	Systemwide	627	F	Federation	Federation		
003612	LIBRARIAN-CAREER STATUS	LIBRARIAN-CAREER STATUS	Academic	Systemwide	621	F	Federation	Federation	13	
003613	LIBRARIAN-POTNTL CAREER STATUS	LIBRARIAN-POTNTL CAREER STATUS	Academic	Systemwide	621	F	Federation	Federation		
003614	LIBRARIAN-TEMP STATUS	LIBRARIAN-TEMP STATUS	Academic	Systemwide	621	F	Federation	Federation		
003615	VIS LIBRARIAN	VIS LIBRARIAN	Academic	Systemwide	623	F	No			
003616	ASSOC LIBRARIAN -CAREER STATUS	ASSOC LIBRARIAN -CAREER STATUS	Academic	Systemwide	621	F	Federation	Federation	7	
003617	ASSOC LIBRARIAN-POTNTL CAREER	ASSOC LIBRARIAN-POTNTL CAREER	Academic	Systemwide	621	F	Federation	Federation	2	
003618	ASSOC LIBRARIAN-TEMP STATUS	ASSOC LIBRARIAN-TEMP STATUS	Academic	Systemwide	621	F	Federation	Federation	1	
003620	ASST LIBRARIAN-CAREER STATUS	ASST LIBRARIAN-CAREER STATUS	Academic	Systemwide	621	F	Federation	Federation		
003621	ASST LIBRARIAN-POTNTL CAREER	ASST LIBRARIAN-POTNTL CAREER	Academic	Systemwide	621	F	Federation	Federation		
003622	ASST LIBRARIAN-TEMP STATUS	ASST LIBRARIAN-TEMP STATUS	Academic	Systemwide	621	F	Federation	Federation	1	
003635	LAW LIBRARIAN	LAW LIBRARIAN	Academic	Systemwide	627	F	Federation	Federation	1	
003636	LAW LIBRARIAN NEX	LAW LIBRARIAN NEX	Academic	Systemwide	627	F	Federation	Federation		
003637	ASST LAW LIBRARIAN	ASST LAW LIBRARIAN	Academic	Systemwide	627	F	Federation	Federation		
003638	ASST LAW LIBRARIAN NEX	ASST LAW LIBRARIAN NEX	Academic	Systemwide	627	F	Federation	Federation		
003639	ASSOC LAW LIBRARIAN	ASSOC LAW LIBRARIAN	Academic	Systemwide	627	F	Federation	Federation		
003640	ASSOC LAW LIBRARIAN NEX	ASSOC LAW LIBRARIAN NEX	Academic	Systemwide	627	F	Federation	Federation		
003650	CURATOR	CURATOR	Academic	Systemwide	927	F	No			
003651	ASSOC CURATOR	ASSOC CURATOR	Academic	Systemwide	927	F	No			
003652	ASST CURATOR	ASST CURATOR	Academic	Systemwide	927	F	No			
003662	LIBRARIAN-CAREER STATUS NEX	LIBRARIAN-CAREER STATUS NEX	Academic	Systemwide	621	F	Federation	Federation		
003663	LIBRARIAN-POTNTL CAREER NEX	LIBRARIAN-POTNTL CAREER NEX	Academic	Systemwide	621	F	Federation	Federation		
003664	LIBRARIAN-TEMP STATUS NEX	LIBRARIAN-TEMP STATUS NEX	Academic	Systemwide	621	F	Federation	Federation		
003665	VIS LIBRARIAN NEX	VIS LIBRARIAN NEX	Academic	Systemwide	623	F	No			
003666	ASSOC LIBRARIAN-CAREER NEX	ASSOC LIBRARIAN-CAREER NEX	Academic	Systemwide	621	F	Federation	Federation		
003667	ASSOC LIBRARIAN-POTNTL CAR NEX	ASSOC LIBRARIAN-POTNTL CAR NEX	Academic	Systemwide	621	F	Federation	Federation		
003668	ASSOC LIBRARIAN-TEMP NEX	ASSOC LIBRARIAN-TEMP NEX	Academic	Systemwide	621	F	Federation	Federation		
003670	ASST LIBRARIAN-CAREER NEX	ASST LIBRARIAN-CAREER NEX	Academic	Systemwide	621	F	Federation	Federation		
003671	ASST LIBRARIAN-POTNTL CAR NEX	ASST LIBRARIAN-POTNTL CAR NEX	Academic	Systemwide	621	F	Federation	Federation		
003672	ASST LIBRARIAN-TEMP STATUS NEX	ASST LIBRARIAN-TEMP STATUS NEX	Academic	Systemwide	621	F	Federation	Federation		
003700	FACULTY CONSULTANT	FACULTY CONSULTANT	Academic	Systemwide	927	F	No			
003730	VISITOR-GRADUATE (WOS)	VISITOR-GRADUATE (WOS)	Academic	Systemwide	928	F	No			
003731	VISITOR-UNDERGRADUATE (WOS)	VISITOR-UNDERGRADUATE (WOS)	Academic	Systemwide	928	F	No			
003800	NON-SENATE ACAD EMERITUS(WOS)	NON-SENATE ACAD EMERITUS(WOS)	Academic	Systemwide	928	F	Federation	Federation	398	
003802	RECALL NON-FACULTY ACAD	RECALL NON-FACULTY ACAD	Academic	Systemwide	928	F	No		24	
003812	RECALL NON-FACULTY ACAD NEX	RECALL NON-FACULTY ACAD NEX	Academic	Systemwide	928	F	No		13	
003900	FACULTY ADMIN TRANSITION LV-AY	FACULTY ADMIN TRANSITION LV-AY	Academic	Systemwide	928	F	No		2	
003910	FACULTY ADMIN TRANSITION LV-FY	FACULTY ADMIN TRANSITION LV-FY	Academic	Systemwide	928	F	No			
003990	ADDL COMP-HGH&OLIVE VIEW MCS	ADDL COMP-HGH&OLIVE VIEW MCS	Academic	Systemwide	999	F	No			
003993	FACULTY RECRUITMENT ALLOW	FACULTY RECRUITMENT ALLOW	Academic	Systemwide	999	F	No			
003995	EAP-TEMP FACULTY HOUSING ALLOW	EAP-TEMP FACULTY HOUSING ALLOW	Academic	Systemwide	999	F	No			
003998	SALARY SUPPLEMENTATION	SALARY SUPPLEMENTATION	Academic	Systemwide	999	F	No			
003999	MISCELLANEOUS	MISCELLANEOUS	Academic	Systemwide	928	F	No			
0110	PROFESSOR OF LAW	PROFESSOR OF LAW	Academic	Systemwide	010	F	UNK			
0111	PROFESSOR OF LAW (NON-TENURE)	PROFESSOR OF LAW (NON-TENURE)	Academic	Systemwide	011	F	UNK			
0115	VISITING PROFESSOR OF LAW	VISITING PROFESSOR OF LAW	Academic	Systemwide	323	F	UNK			
0116	PROFESSOR EMERITUS	PROFESSOR EMERITUS	Academic	Systemwide	016	F	UNK			
0117	RECALLED PROFESSOR OF LAW	RECALLED PROFESSOR OF LAW	Academic	Systemwide	012	F	UNK			
0118	SULLIVAN PROFESSOR OF LAW	SULLIVAN PROFESSOR OF LAW	Academic	Systemwide	012	F	UNK			
0120	ASSOCIATE PROFESSOR OF LAW	ASSOCIATE PROFESSOR OF LAW	Academic	Systemwide	011	F	UNK			
0121	ASSOCIATE PROF (NON-TENURE)	ASSOCIATE PROF (NON-TENURE)	Academic	Systemwide	011	F	UNK			
0125	VISITING ASSOCIATE PROF OF LAW	VISITING ASSOCIATE PROF OF LAW	Academic	Systemwide	323	F	UNK			
0130	ASSISTANT PROFESSOR OF LAW	ASSISTANT PROFESSOR OF LAW	Academic	Systemwide	011	F	UNK			
0131	ASSISTANT PROF LAW (NON-TEN)	ASSISTANT PROF LAW (NON-TEN)	Academic	Systemwide	011	F	UNK			
0135	VISITING ASSISTANT PROF OF LAW	VISITING ASSISTANT PROF OF LAW	Academic	Systemwide	323	F	UNK			
0150	ADJUNCT PROFESSOR	ADJUNCT PROFESSOR	Academic	Systemwide	335	F	UNK	Federation		
0170	LECTURER	LECTURER	Academic	Systemwide	225	F	UNK	Federation		
0180	CLINICAL PROFESSOR OF LAW	CLINICAL PROFESSOR OF LAW	Academic	Systemwide	010	F	UNK			
0190	ACADEMIC ADMINISTRATOR	ACADEMIC ADMINISTRATOR	Academic	Systemwide	S56	F	UNK	Federation		
6256	ASSISTANT DEAN (ACAD)	ASSISTANT DEAN (ACAD)	Academic	Systemwide	M10	F	UNK			
8025	ASSOC ACADEMIC DEAN (STAFF)	ASSOC ACADEMIC DEAN (STAFF)	Academic	Systemwide	S56	F	UNK	Federation		
8026	ASSOC ACADEMIC DEAN (ACAD)	ASSOC ACADEMIC DEAN (ACAD)	Academic	Systemwide	S56	F	UNK	Federation		
8030	ACADEMIC DEAN	ACADEMIC DEAN	Academic	Systemwide	S21	F	UNK			
8035	CHANCELLOR AND DEAN	CHANCELLOR AND DEAN	Academic	Systemwide	S21	F	UNK			
9400	BAR PREPARATION INSTRUCTORS	BAR PREPARATION INSTRUCTORS	Academic	Systemwide	225	F	UNK	Federation		
9433	LW&R INTRUCTOR I	LW&R INTRUCTOR I	Academic	Systemwide	225	F	UNK	Federation		
9434	LAW LIBRARIAN	LAW LIBRARIAN	Academic	Systemwide	621	F	UNK	Federation		